Date,City,Value
01/01/2010,Colombo,584
01/02/2010,Colombo,606
01/03/2010,Colombo,294
01/04/2010,Colombo,224
01/05/2010,Colombo,296
01/06/2010,Colombo,700
01/07/2010,Colombo,1530
01/08/2010,Colombo,881
01/09/2010,Colombo,312
01/10/2010,Colombo,267
01/11/2010,Colombo,97
01/12/2010,Colombo,146
01/01/2010,Gampaha,608
01/02/2010,Gampaha,623
01/03/2010,Gampaha,306
01/04/2010,Gampaha,205
01/05/2010,Gampaha,295
01/06/2010,Gampaha,381
01/07/2010,Gampaha,686
01/08/2010,Gampaha,417
01/09/2010,Gampaha,174
01/10/2010,Gampaha,101
01/11/2010,Gampaha,77
01/12/2010,Gampaha,87
01/01/2010,Kalutara,121
01/02/2010,Kalutara,124
01/03/2010,Kalutara,119
01/04/2010,Kalutara,114
01/05/2010,Kalutara,185
01/06/2010,Kalutara,294
01/07/2010,Kalutara,420
01/08/2010,Kalutara,215
01/09/2010,Kalutara,122
01/10/2010,Kalutara,56
01/11/2010,Kalutara,23
01/12/2010,Kalutara,19
01/01/2010,Kandy,211
01/02/2010,Kandy,174
01/03/2010,Kandy,116
01/04/2010,Kandy,89
01/05/2010,Kandy,114
01/06/2010,Kandy,176
01/07/2010,Kandy,341
01/08/2010,Kandy,230
01/09/2010,Kandy,91
01/10/2010,Kandy,64
01/11/2010,Kandy,22
01/12/2010,Kandy,16
01/01/2010,Matale,138
01/02/2010,Matale,113
01/03/2010,Matale,35
01/04/2010,Matale,46
01/05/2010,Matale,35
01/06/2010,Matale,35
01/07/2010,Matale,97
01/08/2010,Matale,43
01/09/2010,Matale,23
01/10/2010,Matale,21
01/11/2010,Matale,19
01/12/2010,Matale,45
01/01/2010,N eliya,28
01/02/2010,N eliya,11
01/03/2010,N eliya,15
01/04/2010,N eliya,6
01/05/2010,N eliya,14
01/06/2010,N eliya,13
01/07/2010,N eliya,45
01/08/2010,N eliya,44
01/09/2010,N eliya,21
01/10/2010,N eliya,21
01/11/2010,N eliya,6
01/12/2010,N eliya,3
01/01/2010,Galle,36
01/02/2010,Galle,79
01/03/2010,Galle,86
01/04/2010,Galle,115
01/05/2010,Galle,83
01/06/2010,Galle,145
01/07/2010,Galle,228
01/08/2010,Galle,169
01/09/2010,Galle,105
01/10/2010,Galle,49
01/11/2010,Galle,11
01/12/2010,Galle,7
01/01/2010,Hambantota,49
01/02/2010,Hambantota,128
01/03/2010,Hambantota,85
01/04/2010,Hambantota,45
01/05/2010,Hambantota,29
01/06/2010,Hambantota,82
01/07/2010,Hambantota,161
01/08/2010,Hambantota,122
01/09/2010,Hambantota,67
01/10/2010,Hambantota,24
01/11/2010,Hambantota,7
01/12/2010,Hambantota,10
01/01/2010,Matara,36
01/02/2010,Matara,44
01/03/2010,Matara,41
01/04/2010,Matara,29
01/05/2010,Matara,28
01/06/2010,Matara,67
01/07/2010,Matara,148
01/08/2010,Matara,110
01/09/2010,Matara,62
01/10/2010,Matara,25
01/11/2010,Matara,15
01/12/2010,Matara,9
01/01/2010,Jaffna,858
01/02/2010,Jaffna,878
01/03/2010,Jaffna,170
01/04/2010,Jaffna,145
01/05/2010,Jaffna,82
01/06/2010,Jaffna,237
01/07/2010,Jaffna,236
01/08/2010,Jaffna,96
01/09/2010,Jaffna,40
01/10/2010,Jaffna,78
01/11/2010,Jaffna,79
01/12/2010,Jaffna,121
01/01/2010,Killinochchi,0
01/02/2010,Killinochchi,0
01/03/2010,Killinochchi,0
01/04/2010,Killinochchi,1
01/05/2010,Killinochchi,0
01/06/2010,Killinochchi,4
01/07/2010,Killinochchi,5
01/08/2010,Killinochchi,18
01/09/2010,Killinochchi,12
01/10/2010,Killinochchi,2
01/11/2010,Killinochchi,5
01/12/2010,Killinochchi,6
01/01/2010,Mannar,26
01/02/2010,Mannar,23
01/03/2010,Mannar,14
01/04/2010,Mannar,16
01/05/2010,Mannar,9
01/06/2010,Mannar,55
01/07/2010,Mannar,94
01/08/2010,Mannar,222
01/09/2010,Mannar,62
01/10/2010,Mannar,28
01/11/2010,Mannar,14
01/12/2010,Mannar,5
01/01/2010,Vauniya,336
01/02/2010,Vauniya,91
01/03/2010,Vauniya,40
01/04/2010,Vauniya,14
01/05/2010,Vauniya,6
01/06/2010,Vauniya,21
01/07/2010,Vauniya,27
01/08/2010,Vauniya,22
01/09/2010,Vauniya,12
01/10/2010,Vauniya,3
01/11/2010,Vauniya,3
01/12/2010,Vauniya,4
01/01/2010,Mulative,0
01/02/2010,Mulative,0
01/03/2010,Mulative,0
01/04/2010,Mulative,0
01/05/2010,Mulative,1
01/06/2010,Mulative,0
01/07/2010,Mulative,2
01/08/2010,Mulative,8
01/09/2010,Mulative,7
01/10/2010,Mulative,3
01/11/2010,Mulative,1
01/12/2010,Mulative,1
01/01/2010,Battocolo,305
01/02/2010,Battocolo,314
01/03/2010,Battocolo,202
01/04/2010,Battocolo,184
01/05/2010,Battocolo,48
01/06/2010,Battocolo,59
01/07/2010,Battocolo,59
01/08/2010,Battocolo,25
01/09/2010,Battocolo,4
01/10/2010,Battocolo,8
01/11/2010,Battocolo,13
01/12/2010,Battocolo,29
01/01/2010,Ampara,12
01/02/2010,Ampara,13
01/03/2010,Ampara,25
01/04/2010,Ampara,19
01/05/2010,Ampara,9
01/06/2010,Ampara,6
01/07/2010,Ampara,30
01/08/2010,Ampara,21
01/09/2010,Ampara,19
01/10/2010,Ampara,5
01/11/2010,Ampara,1
01/12/2010,Ampara,8
01/01/2010,Trincomalee,233
01/02/2010,Trincomalee,283
01/03/2010,Trincomalee,145
01/04/2010,Trincomalee,60
01/05/2010,Trincomalee,22
01/06/2010,Trincomalee,38
01/07/2010,Trincomalee,89
01/08/2010,Trincomalee,46
01/09/2010,Trincomalee,21
01/10/2010,Trincomalee,17
01/11/2010,Trincomalee,11
01/12/2010,Trincomalee,22
01/01/2010,Kurunegala,197
01/02/2010,Kurunegala,142
01/03/2010,Kurunegala,99
01/04/2010,Kurunegala,54
01/05/2010,Kurunegala,100
01/06/2010,Kurunegala,151
01/07/2010,Kurunegala,300
01/08/2010,Kurunegala,214
01/09/2010,Kurunegala,78
01/10/2010,Kurunegala,47
01/11/2010,Kurunegala,21
01/12/2010,Kurunegala,26
01/01/2010,Puttalama,208
01/02/2010,Puttalama,189
01/03/2010,Puttalama,86
01/04/2010,Puttalama,50
01/05/2010,Puttalama,51
01/06/2010,Puttalama,106
01/07/2010,Puttalama,137
01/08/2010,Puttalama,82
01/09/2010,Puttalama,49
01/10/2010,Puttalama,31
01/11/2010,Puttalama,25
01/12/2010,Puttalama,45
01/01/2010,Anuradapura,267
01/02/2010,Anuradapura,296
01/03/2010,Anuradapura,131
01/04/2010,Anuradapura,48
01/05/2010,Anuradapura,21
01/06/2010,Anuradapura,38
01/07/2010,Anuradapura,83
01/08/2010,Anuradapura,67
01/09/2010,Anuradapura,60
01/10/2010,Anuradapura,33
01/11/2010,Anuradapura,26
01/12/2010,Anuradapura,40
01/01/2010,Polonnaruwa,33
01/02/2010,Polonnaruwa,42
01/03/2010,Polonnaruwa,34
01/04/2010,Polonnaruwa,50
01/05/2010,Polonnaruwa,60
01/06/2010,Polonnaruwa,61
01/07/2010,Polonnaruwa,51
01/08/2010,Polonnaruwa,30
01/09/2010,Polonnaruwa,21
01/10/2010,Polonnaruwa,8
01/11/2010,Polonnaruwa,5
01/12/2010,Polonnaruwa,7
01/01/2010,Badulla,71
01/02/2010,Badulla,68
01/03/2010,Badulla,49
01/04/2010,Badulla,47
01/05/2010,Badulla,69
01/06/2010,Badulla,118
01/07/2010,Badulla,372
01/08/2010,Badulla,319
01/09/2010,Badulla,120
01/10/2010,Badulla,43
01/11/2010,Badulla,26
01/12/2010,Badulla,40
01/01/2010,Monaragala,50
01/02/2010,Monaragala,39
01/03/2010,Monaragala,55
01/04/2010,Monaragala,67
01/05/2010,Monaragala,53
01/06/2010,Monaragala,93
01/07/2010,Monaragala,314
01/08/2010,Monaragala,219
01/09/2010,Monaragala,65
01/10/2010,Monaragala,50
01/11/2010,Monaragala,42
01/12/2010,Monaragala,24
01/01/2010,Rathnapura,93
01/02/2010,Rathnapura,141
01/03/2010,Rathnapura,234
01/04/2010,Rathnapura,270
01/05/2010,Rathnapura,274
01/06/2010,Rathnapura,432
01/07/2010,Rathnapura,492
01/08/2010,Rathnapura,438
01/09/2010,Rathnapura,246
01/10/2010,Rathnapura,118
01/11/2010,Rathnapura,53
01/12/2010,Rathnapura,46
01/01/2010,Kegalla,90
01/02/2010,Kegalla,136
01/03/2010,Kegalla,76
01/04/2010,Kegalla,49
01/05/2010,Kegalla,53
01/06/2010,Kegalla,117
01/07/2010,Kegalla,161
01/08/2010,Kegalla,104
01/09/2010,Kegalla,64
01/10/2010,Kegalla,25
01/11/2010,Kegalla,22
01/12/2010,Kegalla,21
01/01/2010,Kalminai,215
01/02/2010,Kalminai,174
01/03/2010,Kalminai,71
01/04/2010,Kalminai,57
01/05/2010,Kalminai,13
01/06/2010,Kalminai,8
01/07/2010,Kalminai,5
01/08/2010,Kalminai,9
01/09/2010,Kalminai,6
01/10/2010,Kalminai,10
01/11/2010,Kalminai,23
01/12/2010,Kalminai,15
01/01/2011,Colombo,309
01/02/2011,Colombo,392
01/03/2011,Colombo,340
01/04/2011,Colombo,528
01/05/2011,Colombo,698
01/06/2011,Colombo,1610
01/07/2011,Colombo,2085
01/08/2011,Colombo,824
01/09/2011,Colombo,863
01/10/2011,Colombo,599
01/11/2011,Colombo,536
01/12/2011,Colombo,1339
01/01/2011,Gampaha,134
01/02/2011,Gampaha,119
01/03/2011,Gampaha,141
01/04/2011,Gampaha,183
01/05/2011,Gampaha,218
01/06/2011,Gampaha,537
01/07/2011,Gampaha,911
01/08/2011,Gampaha,428
01/09/2011,Gampaha,367
01/10/2011,Gampaha,321
01/11/2011,Gampaha,347
01/12/2011,Gampaha,668
01/01/2011,Kalutara,48
01/02/2011,Kalutara,52
01/03/2011,Kalutara,57
01/04/2011,Kalutara,133
01/05/2011,Kalutara,148
01/06/2011,Kalutara,185
01/07/2011,Kalutara,188
01/08/2011,Kalutara,107
01/09/2011,Kalutara,93
01/10/2011,Kalutara,100
01/11/2011,Kalutara,111
01/12/2011,Kalutara,194
01/01/2011,Kandy,26
01/02/2011,Kandy,28
01/03/2011,Kandy,32
01/04/2011,Kandy,62
01/05/2011,Kandy,53
01/06/2011,Kandy,81
01/07/2011,Kandy,218
01/08/2011,Kandy,99
01/09/2011,Kandy,251
01/10/2011,Kandy,255
01/11/2011,Kandy,182
01/12/2011,Kandy,348
01/01/2011,Matale,10
01/02/2011,Matale,18
01/03/2011,Matale,16
01/04/2011,Matale,20
01/05/2011,Matale,37
01/06/2011,Matale,53
01/07/2011,Matale,66
01/08/2011,Matale,25
01/09/2011,Matale,26
01/10/2011,Matale,17
01/11/2011,Matale,21
01/12/2011,Matale,56
01/01/2011,N eliya,3
01/02/2011,N eliya,8
01/03/2011,N eliya,9
01/04/2011,N eliya,19
01/05/2011,N eliya,17
01/06/2011,N eliya,20
01/07/2011,N eliya,50
01/08/2011,N eliya,10
01/09/2011,N eliya,31
01/10/2011,N eliya,43
01/11/2011,N eliya,17
01/12/2011,N eliya,25
01/01/2011,Galle,7
01/02/2011,Galle,19
01/03/2011,Galle,30
01/04/2011,Galle,57
01/05/2011,Galle,98
01/06/2011,Galle,112
01/07/2011,Galle,168
01/08/2011,Galle,100
01/09/2011,Galle,96
01/10/2011,Galle,50
01/11/2011,Galle,49
01/12/2011,Galle,93
01/01/2011,Hambantota,16
01/02/2011,Hambantota,8
01/03/2011,Hambantota,27
01/04/2011,Hambantota,70
01/05/2011,Hambantota,87
01/06/2011,Hambantota,48
01/07/2011,Hambantota,51
01/08/2011,Hambantota,18
01/09/2011,Hambantota,19
01/10/2011,Hambantota,13
01/11/2011,Hambantota,20
01/12/2011,Hambantota,39
01/01/2011,Matara,14
01/02/2011,Matara,18
01/03/2011,Matara,35
01/04/2011,Matara,55
01/05/2011,Matara,57
01/06/2011,Matara,51
01/07/2011,Matara,83
01/08/2011,Matara,27
01/09/2011,Matara,63
01/10/2011,Matara,72
01/11/2011,Matara,141
01/12/2011,Matara,179
01/01/2011,Jaffna,58
01/02/2011,Jaffna,34
01/03/2011,Jaffna,24
01/04/2011,Jaffna,20
01/05/2011,Jaffna,10
01/06/2011,Jaffna,16
01/07/2011,Jaffna,35
01/08/2011,Jaffna,33
01/09/2011,Jaffna,46
01/10/2011,Jaffna,19
01/11/2011,Jaffna,34
01/12/2011,Jaffna,71
01/01/2011,Killinochchi,2
01/02/2011,Killinochchi,4
01/03/2011,Killinochchi,10
01/04/2011,Killinochchi,13
01/05/2011,Killinochchi,4
01/06/2011,Killinochchi,3
01/07/2011,Killinochchi,3
01/08/2011,Killinochchi,5
01/09/2011,Killinochchi,8
01/10/2011,Killinochchi,3
01/11/2011,Killinochchi,4
01/12/2011,Killinochchi,7
01/01/2011,Mannar,8
01/02/2011,Mannar,5
01/03/2011,Mannar,4
01/04/2011,Mannar,2
01/05/2011,Mannar,2
01/06/2011,Mannar,2
01/07/2011,Mannar,2
01/08/2011,Mannar,1
01/09/2011,Mannar,0
01/10/2011,Mannar,17
01/11/2011,Mannar,8
01/12/2011,Mannar,49
01/01/2011,Vauniya,13
01/02/2011,Vauniya,3
01/03/2011,Vauniya,15
01/04/2011,Vauniya,5
01/05/2011,Vauniya,7
01/06/2011,Vauniya,11
01/07/2011,Vauniya,8
01/08/2011,Vauniya,2
01/09/2011,Vauniya,3
01/10/2011,Vauniya,3
01/11/2011,Vauniya,4
01/12/2011,Vauniya,7
01/01/2011,Mulative,2
01/02/2011,Mulative,3
01/03/2011,Mulative,0
01/04/2011,Mulative,1
01/05/2011,Mulative,1
01/06/2011,Mulative,7
01/07/2011,Mulative,1
01/08/2011,Mulative,0
01/09/2011,Mulative,0
01/10/2011,Mulative,1
01/11/2011,Mulative,2
01/12/2011,Mulative,1
01/01/2011,Battocolo,31
01/02/2011,Battocolo,41
01/03/2011,Battocolo,104
01/04/2011,Battocolo,185
01/05/2011,Battocolo,141
01/06/2011,Battocolo,112
01/07/2011,Battocolo,53
01/08/2011,Battocolo,21
01/09/2011,Battocolo,35
01/10/2011,Battocolo,123
01/11/2011,Battocolo,289
01/12/2011,Battocolo,558
01/01/2011,Ampara,12
01/02/2011,Ampara,6
01/03/2011,Ampara,2
01/04/2011,Ampara,20
01/05/2011,Ampara,10
01/06/2011,Ampara,29
01/07/2011,Ampara,20
01/08/2011,Ampara,11
01/09/2011,Ampara,24
01/10/2011,Ampara,13
01/11/2011,Ampara,16
01/12/2011,Ampara,33
01/01/2011,Trincomalee,7
01/02/2011,Trincomalee,17
01/03/2011,Trincomalee,25
01/04/2011,Trincomalee,25
01/05/2011,Trincomalee,12
01/06/2011,Trincomalee,19
01/07/2011,Trincomalee,21
01/08/2011,Trincomalee,6
01/09/2011,Trincomalee,10
01/10/2011,Trincomalee,3
01/11/2011,Trincomalee,8
01/12/2011,Trincomalee,24
01/01/2011,Kurunegala,31
01/02/2011,Kurunegala,49
01/03/2011,Kurunegala,60
01/04/2011,Kurunegala,59
01/05/2011,Kurunegala,91
01/06/2011,Kurunegala,116
01/07/2011,Kurunegala,178
01/08/2011,Kurunegala,84
01/09/2011,Kurunegala,84
01/10/2011,Kurunegala,71
01/11/2011,Kurunegala,82
01/12/2011,Kurunegala,135
01/01/2011,Puttalama,72
01/02/2011,Puttalama,64
01/03/2011,Puttalama,49
01/04/2011,Puttalama,28
01/05/2011,Puttalama,21
01/06/2011,Puttalama,52
01/07/2011,Puttalama,62
01/08/2011,Puttalama,23
01/09/2011,Puttalama,31
01/10/2011,Puttalama,27
01/11/2011,Puttalama,40
01/12/2011,Puttalama,102
01/01/2011,Anuradapura,21
01/02/2011,Anuradapura,18
01/03/2011,Anuradapura,14
01/04/2011,Anuradapura,21
01/05/2011,Anuradapura,31
01/06/2011,Anuradapura,39
01/07/2011,Anuradapura,43
01/08/2011,Anuradapura,21
01/09/2011,Anuradapura,22
01/10/2011,Anuradapura,24
01/11/2011,Anuradapura,12
01/12/2011,Anuradapura,33
01/01/2011,Polonnaruwa,5
01/02/2011,Polonnaruwa,38
01/03/2011,Polonnaruwa,20
01/04/2011,Polonnaruwa,28
01/05/2011,Polonnaruwa,38
01/06/2011,Polonnaruwa,44
01/07/2011,Polonnaruwa,36
01/08/2011,Polonnaruwa,23
01/09/2011,Polonnaruwa,18
01/10/2011,Polonnaruwa,16
01/11/2011,Polonnaruwa,6
01/12/2011,Polonnaruwa,32
01/01/2011,Badulla,22
01/02/2011,Badulla,21
01/03/2011,Badulla,15
01/04/2011,Badulla,36
01/05/2011,Badulla,31
01/06/2011,Badulla,65
01/07/2011,Badulla,201
01/08/2011,Badulla,54
01/09/2011,Badulla,46
01/10/2011,Badulla,39
01/11/2011,Badulla,49
01/12/2011,Badulla,53
01/01/2011,Monaragala,17
01/02/2011,Monaragala,24
01/03/2011,Monaragala,15
01/04/2011,Monaragala,33
01/05/2011,Monaragala,16
01/06/2011,Monaragala,18
01/07/2011,Monaragala,32
01/08/2011,Monaragala,17
01/09/2011,Monaragala,34
01/10/2011,Monaragala,30
01/11/2011,Monaragala,40
01/12/2011,Monaragala,36
01/01/2011,Rathnapura,47
01/02/2011,Rathnapura,38
01/03/2011,Rathnapura,40
01/04/2011,Rathnapura,113
01/05/2011,Rathnapura,89
01/06/2011,Rathnapura,118
01/07/2011,Rathnapura,153
01/08/2011,Rathnapura,86
01/09/2011,Rathnapura,117
01/10/2011,Rathnapura,87
01/11/2011,Rathnapura,91
01/12/2011,Rathnapura,181
01/01/2011,Kegalla,15
01/02/2011,Kegalla,24
01/03/2011,Kegalla,28
01/04/2011,Kegalla,51
01/05/2011,Kegalla,48
01/06/2011,Kegalla,120
01/07/2011,Kegalla,141
01/08/2011,Kegalla,81
01/09/2011,Kegalla,156
01/10/2011,Kegalla,176
01/11/2011,Kegalla,88
01/12/2011,Kegalla,152
01/01/2011,Kalminai,3
01/02/2011,Kalminai,1
01/03/2011,Kalminai,6
01/04/2011,Kalminai,4
01/05/2011,Kalminai,2
01/06/2011,Kalminai,3
01/07/2011,Kalminai,8
01/08/2011,Kalminai,0
01/09/2011,Kalminai,2
01/10/2011,Kalminai,5
01/11/2011,Kalminai,6
01/12/2011,Kalminai,48
01/01/2012,Colombo,1066
01/02/2012,Colombo,744
01/03/2012,Colombo,630
01/04/2012,Colombo,412
01/05/2012,Colombo,583
01/06/2012,Colombo,1251
01/07/2012,Colombo,1314
01/08/2012,Colombo,1231
01/09/2012,Colombo,525
01/10/2012,Colombo,726
01/11/2012,Colombo,853
01/12/2012,Colombo,682
01/01/2012,Gampaha,847
01/02/2012,Gampaha,640
01/03/2012,Gampaha,447
01/04/2012,Gampaha,367
01/05/2012,Gampaha,397
01/06/2012,Gampaha,1180
01/07/2012,Gampaha,969
01/08/2012,Gampaha,884
01/09/2012,Gampaha,479
01/10/2012,Gampaha,570
01/11/2012,Gampaha,737
01/12/2012,Gampaha,489
01/01/2012,Kalutara,180
01/02/2012,Kalutara,260
01/03/2012,Kalutara,209
01/04/2012,Kalutara,205
01/05/2012,Kalutara,182
01/06/2012,Kalutara,364
01/07/2012,Kalutara,348
01/08/2012,Kalutara,339
01/09/2012,Kalutara,156
01/10/2012,Kalutara,192
01/11/2012,Kalutara,213
01/12/2012,Kalutara,143
01/01/2012,Kandy,270
01/02/2012,Kandy,194
01/03/2012,Kandy,114
01/04/2012,Kandy,122
01/05/2012,Kandy,194
01/06/2012,Kandy,298
01/07/2012,Kandy,287
01/08/2012,Kandy,355
01/09/2012,Kandy,135
01/10/2012,Kandy,177
01/11/2012,Kandy,185
01/12/2012,Kandy,186
01/01/2012,Matale,45
01/02/2012,Matale,47
01/03/2012,Matale,59
01/04/2012,Matale,35
01/05/2012,Matale,32
01/06/2012,Matale,81
01/07/2012,Matale,29
01/08/2012,Matale,62
01/09/2012,Matale,46
01/10/2012,Matale,44
01/11/2012,Matale,47
01/12/2012,Matale,69
01/01/2012,N eliya,24
01/02/2012,N eliya,35
01/03/2012,N eliya,41
01/04/2012,N eliya,25
01/05/2012,N eliya,18
01/06/2012,N eliya,58
01/07/2012,N eliya,30
01/08/2012,N eliya,30
01/09/2012,N eliya,21
01/10/2012,N eliya,17
01/11/2012,N eliya,30
01/12/2012,N eliya,13
01/01/2012,Galle,105
01/02/2012,Galle,105
01/03/2012,Galle,161
01/04/2012,Galle,90
01/05/2012,Galle,99
01/06/2012,Galle,221
01/07/2012,Galle,217
01/08/2012,Galle,241
01/09/2012,Galle,78
01/10/2012,Galle,60
01/11/2012,Galle,78
01/12/2012,Galle,58
01/01/2012,Hambantota,58
01/02/2012,Hambantota,66
01/03/2012,Hambantota,45
01/04/2012,Hambantota,37
01/05/2012,Hambantota,31
01/06/2012,Hambantota,59
01/07/2012,Hambantota,51
01/08/2012,Hambantota,78
01/09/2012,Hambantota,33
01/10/2012,Hambantota,53
01/11/2012,Hambantota,60
01/12/2012,Hambantota,33
01/01/2012,Matara,186
01/02/2012,Matara,147
01/03/2012,Matara,155
01/04/2012,Matara,94
01/05/2012,Matara,84
01/06/2012,Matara,147
01/07/2012,Matara,186
01/08/2012,Matara,241
01/09/2012,Matara,141
01/10/2012,Matara,196
01/11/2012,Matara,158
01/12/2012,Matara,100
01/01/2012,Jaffna,91
01/02/2012,Jaffna,40
01/03/2012,Jaffna,43
01/04/2012,Jaffna,24
01/05/2012,Jaffna,27
01/06/2012,Jaffna,34
01/07/2012,Jaffna,26
01/08/2012,Jaffna,36
01/09/2012,Jaffna,41
01/10/2012,Jaffna,143
01/11/2012,Jaffna,205
01/12/2012,Jaffna,184
01/01/2012,Killinochchi,8
01/02/2012,Killinochchi,2
01/03/2012,Killinochchi,5
01/04/2012,Killinochchi,3
01/05/2012,Killinochchi,19
01/06/2012,Killinochchi,16
01/07/2012,Killinochchi,8
01/08/2012,Killinochchi,11
01/09/2012,Killinochchi,6
01/10/2012,Killinochchi,2
01/11/2012,Killinochchi,5
01/12/2012,Killinochchi,8
01/01/2012,Mannar,38
01/02/2012,Mannar,16
01/03/2012,Mannar,10
01/04/2012,Mannar,9
01/05/2012,Mannar,6
01/06/2012,Mannar,15
01/07/2012,Mannar,19
01/08/2012,Mannar,11
01/09/2012,Mannar,2
01/10/2012,Mannar,6
01/11/2012,Mannar,21
01/12/2012,Mannar,33
01/01/2012,Vauniya,13
01/02/2012,Vauniya,5
01/03/2012,Vauniya,5
01/04/2012,Vauniya,2
01/05/2012,Vauniya,5
01/06/2012,Vauniya,2
01/07/2012,Vauniya,3
01/08/2012,Vauniya,16
01/09/2012,Vauniya,20
01/10/2012,Vauniya,13
01/11/2012,Vauniya,9
01/12/2012,Vauniya,11
01/01/2012,Mulative,2
01/02/2012,Mulative,1
01/03/2012,Mulative,1
01/04/2012,Mulative,1
01/05/2012,Mulative,3
01/06/2012,Mulative,4
01/07/2012,Mulative,5
01/08/2012,Mulative,3
01/09/2012,Mulative,2
01/10/2012,Mulative,0
01/11/2012,Mulative,6
01/12/2012,Mulative,14
01/01/2012,Battocolo,263
01/02/2012,Battocolo,116
01/03/2012,Battocolo,91
01/04/2012,Battocolo,32
01/05/2012,Battocolo,35
01/06/2012,Battocolo,32
01/07/2012,Battocolo,11
01/08/2012,Battocolo,21
01/09/2012,Battocolo,7
01/10/2012,Battocolo,26
01/11/2012,Battocolo,36
01/12/2012,Battocolo,47
01/01/2012,Ampara,18
01/02/2012,Ampara,6
01/03/2012,Ampara,4
01/04/2012,Ampara,9
01/05/2012,Ampara,21
01/06/2012,Ampara,15
01/07/2012,Ampara,29
01/08/2012,Ampara,13
01/09/2012,Ampara,9
01/10/2012,Ampara,11
01/11/2012,Ampara,14
01/12/2012,Ampara,6
01/01/2012,Trincomalee,23
01/02/2012,Trincomalee,23
01/03/2012,Trincomalee,26
01/04/2012,Trincomalee,6
01/05/2012,Trincomalee,8
01/06/2012,Trincomalee,16
01/07/2012,Trincomalee,8
01/08/2012,Trincomalee,13
01/09/2012,Trincomalee,7
01/10/2012,Trincomalee,5
01/11/2012,Trincomalee,15
01/12/2012,Trincomalee,18
01/01/2012,Kurunegala,159
01/02/2012,Kurunegala,148
01/03/2012,Kurunegala,114
01/04/2012,Kurunegala,100
01/05/2012,Kurunegala,140
01/06/2012,Kurunegala,342
01/07/2012,Kurunegala,406
01/08/2012,Kurunegala,401
01/09/2012,Kurunegala,320
01/10/2012,Kurunegala,311
01/11/2012,Kurunegala,497
01/12/2012,Kurunegala,599
01/01/2012,Puttalama,131
01/02/2012,Puttalama,101
01/03/2012,Puttalama,69
01/04/2012,Puttalama,55
01/05/2012,Puttalama,98
01/06/2012,Puttalama,178
01/07/2012,Puttalama,98
01/08/2012,Puttalama,142
01/09/2012,Puttalama,253
01/10/2012,Puttalama,159
01/11/2012,Puttalama,251
01/12/2012,Puttalama,265
01/01/2012,Anuradapura,38
01/02/2012,Anuradapura,37
01/03/2012,Anuradapura,36
01/04/2012,Anuradapura,26
01/05/2012,Anuradapura,29
01/06/2012,Anuradapura,56
01/07/2012,Anuradapura,31
01/08/2012,Anuradapura,34
01/09/2012,Anuradapura,26
01/10/2012,Anuradapura,27
01/11/2012,Anuradapura,34
01/12/2012,Anuradapura,119
01/01/2012,Polonnaruwa,25
01/02/2012,Polonnaruwa,27
01/03/2012,Polonnaruwa,21
01/04/2012,Polonnaruwa,11
01/05/2012,Polonnaruwa,17
01/06/2012,Polonnaruwa,37
01/07/2012,Polonnaruwa,22
01/08/2012,Polonnaruwa,38
01/09/2012,Polonnaruwa,12
01/10/2012,Polonnaruwa,21
01/11/2012,Polonnaruwa,15
01/12/2012,Polonnaruwa,43
01/01/2012,Badulla,40
01/02/2012,Badulla,22
01/03/2012,Badulla,13
01/04/2012,Badulla,11
01/05/2012,Badulla,20
01/06/2012,Badulla,57
01/07/2012,Badulla,48
01/08/2012,Badulla,40
01/09/2012,Badulla,35
01/10/2012,Badulla,41
01/11/2012,Badulla,49
01/12/2012,Badulla,54
01/01/2012,Monaragala,16
01/02/2012,Monaragala,23
01/03/2012,Monaragala,23
01/04/2012,Monaragala,15
01/05/2012,Monaragala,22
01/06/2012,Monaragala,38
01/07/2012,Monaragala,33
01/08/2012,Monaragala,36
01/09/2012,Monaragala,16
01/10/2012,Monaragala,17
01/11/2012,Monaragala,29
01/12/2012,Monaragala,19
01/01/2012,Rathnapura,126
01/02/2012,Rathnapura,153
01/03/2012,Rathnapura,160
01/04/2012,Rathnapura,183
01/05/2012,Rathnapura,257
01/06/2012,Rathnapura,874
01/07/2012,Rathnapura,621
01/08/2012,Rathnapura,648
01/09/2012,Rathnapura,310
01/10/2012,Rathnapura,194
01/11/2012,Rathnapura,262
01/12/2012,Rathnapura,150
01/01/2012,Kegalla,173
01/02/2012,Kegalla,144
01/03/2012,Kegalla,121
01/04/2012,Kegalla,146
01/05/2012,Kegalla,213
01/06/2012,Kegalla,557
01/07/2012,Kegalla,385
01/08/2012,Kegalla,331
01/09/2012,Kegalla,174
01/10/2012,Kegalla,148
01/11/2012,Kegalla,156
01/12/2012,Kegalla,157
01/01/2012,Kalminai,41
01/02/2012,Kalminai,43
01/03/2012,Kalminai,25
01/04/2012,Kalminai,8
01/05/2012,Kalminai,10
01/06/2012,Kalminai,23
01/07/2012,Kalminai,9
01/08/2012,Kalminai,11
01/09/2012,Kalminai,3
01/10/2012,Kalminai,22
01/11/2012,Kalminai,69
01/12/2012,Kalminai,138
01/01/2013,Colombo,757
01/02/2013,Colombo,845
01/03/2013,Colombo,791
01/04/2013,Colombo,610
01/05/2013,Colombo,748
01/06/2013,Colombo,830
01/07/2013,Colombo,1168
01/08/2013,Colombo,1298
01/09/2013,Colombo,685
01/10/2013,Colombo,619
01/11/2013,Colombo,1173
01/12/2013,Colombo,1259
01/01/2013,Gampaha,463
01/02/2013,Gampaha,321
01/03/2013,Gampaha,289
01/04/2013,Gampaha,212
01/05/2013,Gampaha,319
01/06/2013,Gampaha,273
01/07/2013,Gampaha,385
01/08/2013,Gampaha,394
01/09/2013,Gampaha,245
01/10/2013,Gampaha,237
01/11/2013,Gampaha,383
01/12/2013,Gampaha,308
01/01/2013,Kalutara,159
01/02/2013,Kalutara,153
01/03/2013,Kalutara,168
01/04/2013,Kalutara,115
01/05/2013,Kalutara,164
01/06/2013,Kalutara,140
01/07/2013,Kalutara,178
01/08/2013,Kalutara,210
01/09/2013,Kalutara,148
01/10/2013,Kalutara,108
01/11/2013,Kalutara,166
01/12/2013,Kalutara,219
01/01/2013,Kandy,193
01/02/2013,Kandy,215
01/03/2013,Kandy,134
01/04/2013,Kandy,83
01/05/2013,Kandy,156
01/06/2013,Kandy,186
01/07/2013,Kandy,191
01/08/2013,Kandy,240
01/09/2013,Kandy,110
01/10/2013,Kandy,59
01/11/2013,Kandy,96
01/12/2013,Kandy,100
01/01/2013,Matale,48
01/02/2013,Matale,47
01/03/2013,Matale,49
01/04/2013,Matale,32
01/05/2013,Matale,30
01/06/2013,Matale,37
01/07/2013,Matale,52
01/08/2013,Matale,66
01/09/2013,Matale,32
01/10/2013,Matale,24
01/11/2013,Matale,39
01/12/2013,Matale,39
01/01/2013,N eliya,17
01/02/2013,N eliya,32
01/03/2013,N eliya,30
01/04/2013,N eliya,15
01/05/2013,N eliya,16
01/06/2013,N eliya,21
01/07/2013,N eliya,27
01/08/2013,N eliya,40
01/09/2013,N eliya,13
01/10/2013,N eliya,16
01/11/2013,N eliya,18
01/12/2013,N eliya,27
01/01/2013,Galle,57
01/02/2013,Galle,60
01/03/2013,Galle,92
01/04/2013,Galle,57
01/05/2013,Galle,108
01/06/2013,Galle,100
01/07/2013,Galle,84
01/08/2013,Galle,93
01/09/2013,Galle,79
01/10/2013,Galle,34
01/11/2013,Galle,68
01/12/2013,Galle,108
01/01/2013,Hambantota,32
01/02/2013,Hambantota,35
01/03/2013,Hambantota,40
01/04/2013,Hambantota,30
01/05/2013,Hambantota,22
01/06/2013,Hambantota,21
01/07/2013,Hambantota,28
01/08/2013,Hambantota,43
01/09/2013,Hambantota,23
01/10/2013,Hambantota,24
01/11/2013,Hambantota,22
01/12/2013,Hambantota,25
01/01/2013,Matara,48
01/02/2013,Matara,75
01/03/2013,Matara,65
01/04/2013,Matara,28
01/05/2013,Matara,36
01/06/2013,Matara,31
01/07/2013,Matara,54
01/08/2013,Matara,34
01/09/2013,Matara,27
01/10/2013,Matara,19
01/11/2013,Matara,32
01/12/2013,Matara,37
01/01/2013,Jaffna,100
01/02/2013,Jaffna,77
01/03/2013,Jaffna,84
01/04/2013,Jaffna,115
01/05/2013,Jaffna,70
01/06/2013,Jaffna,30
01/07/2013,Jaffna,23
01/08/2013,Jaffna,43
01/09/2013,Jaffna,35
01/10/2013,Jaffna,48
01/11/2013,Jaffna,52
01/12/2013,Jaffna,125
01/01/2013,Killinochchi,7
01/02/2013,Killinochchi,4
01/03/2013,Killinochchi,7
01/04/2013,Killinochchi,5
01/05/2013,Killinochchi,4
01/06/2013,Killinochchi,7
01/07/2013,Killinochchi,0
01/08/2013,Killinochchi,16
01/09/2013,Killinochchi,7
01/10/2013,Killinochchi,3
01/11/2013,Killinochchi,3
01/12/2013,Killinochchi,6
01/01/2013,Mannar,23
01/02/2013,Mannar,10
01/03/2013,Mannar,7
01/04/2013,Mannar,4
01/05/2013,Mannar,10
01/06/2013,Mannar,2
01/07/2013,Mannar,1
01/08/2013,Mannar,2
01/09/2013,Mannar,4
01/10/2013,Mannar,5
01/11/2013,Mannar,1
01/12/2013,Mannar,1
01/01/2013,Vauniya,11
01/02/2013,Vauniya,8
01/03/2013,Vauniya,12
01/04/2013,Vauniya,3
01/05/2013,Vauniya,8
01/06/2013,Vauniya,6
01/07/2013,Vauniya,7
01/08/2013,Vauniya,4
01/09/2013,Vauniya,4
01/10/2013,Vauniya,5
01/11/2013,Vauniya,10
01/12/2013,Vauniya,15
01/01/2013,Mulative,12
01/02/2013,Mulative,7
01/03/2013,Mulative,17
01/04/2013,Mulative,18
01/05/2013,Mulative,20
01/06/2013,Mulative,12
01/07/2013,Mulative,6
01/08/2013,Mulative,8
01/09/2013,Mulative,9
01/10/2013,Mulative,6
01/11/2013,Mulative,10
01/12/2013,Mulative,2
01/01/2013,Battocolo,52
01/02/2013,Battocolo,74
01/03/2013,Battocolo,93
01/04/2013,Battocolo,67
01/05/2013,Battocolo,79
01/06/2013,Battocolo,48
01/07/2013,Battocolo,32
01/08/2013,Battocolo,26
01/09/2013,Battocolo,19
01/10/2013,Battocolo,22
01/11/2013,Battocolo,14
01/12/2013,Battocolo,30
01/01/2013,Ampara,14
01/02/2013,Ampara,17
01/03/2013,Ampara,20
01/04/2013,Ampara,7
01/05/2013,Ampara,11
01/06/2013,Ampara,15
01/07/2013,Ampara,26
01/08/2013,Ampara,26
01/09/2013,Ampara,25
01/10/2013,Ampara,18
01/11/2013,Ampara,28
01/12/2013,Ampara,35
01/01/2013,Trincomalee,25
01/02/2013,Trincomalee,45
01/03/2013,Trincomalee,31
01/04/2013,Trincomalee,23
01/05/2013,Trincomalee,20
01/06/2013,Trincomalee,5
01/07/2013,Trincomalee,15
01/08/2013,Trincomalee,13
01/09/2013,Trincomalee,5
01/10/2013,Trincomalee,4
01/11/2013,Trincomalee,7
01/12/2013,Trincomalee,14
01/01/2013,Kurunegala,720
01/02/2013,Kurunegala,485
01/03/2013,Kurunegala,303
01/04/2013,Kurunegala,134
01/05/2013,Kurunegala,194
01/06/2013,Kurunegala,195
01/07/2013,Kurunegala,154
01/08/2013,Kurunegala,163
01/09/2013,Kurunegala,105
01/10/2013,Kurunegala,104
01/11/2013,Kurunegala,98
01/12/2013,Kurunegala,117
01/01/2013,Puttalama,175
01/02/2013,Puttalama,170
01/03/2013,Puttalama,98
01/04/2013,Puttalama,67
01/05/2013,Puttalama,53
01/06/2013,Puttalama,56
01/07/2013,Puttalama,46
01/08/2013,Puttalama,83
01/09/2013,Puttalama,39
01/10/2013,Puttalama,31
01/11/2013,Puttalama,51
01/12/2013,Puttalama,55
01/01/2013,Anuradapura,80
01/02/2013,Anuradapura,74
01/03/2013,Anuradapura,90
01/04/2013,Anuradapura,36
01/05/2013,Anuradapura,47
01/06/2013,Anuradapura,28
01/07/2013,Anuradapura,23
01/08/2013,Anuradapura,33
01/09/2013,Anuradapura,38
01/10/2013,Anuradapura,28
01/11/2013,Anuradapura,30
01/12/2013,Anuradapura,63
01/01/2013,Polonnaruwa,34
01/02/2013,Polonnaruwa,40
01/03/2013,Polonnaruwa,47
01/04/2013,Polonnaruwa,41
01/05/2013,Polonnaruwa,28
01/06/2013,Polonnaruwa,19
01/07/2013,Polonnaruwa,43
01/08/2013,Polonnaruwa,76
01/09/2013,Polonnaruwa,47
01/10/2013,Polonnaruwa,41
01/11/2013,Polonnaruwa,45
01/12/2013,Polonnaruwa,46
01/01/2013,Badulla,42
01/02/2013,Badulla,49
01/03/2013,Badulla,45
01/04/2013,Badulla,32
01/05/2013,Badulla,46
01/06/2013,Badulla,46
01/07/2013,Badulla,77
01/08/2013,Badulla,58
01/09/2013,Badulla,38
01/10/2013,Badulla,26
01/11/2013,Badulla,50
01/12/2013,Badulla,33
01/01/2013,Monaragala,34
01/02/2013,Monaragala,19
01/03/2013,Monaragala,27
01/04/2013,Monaragala,23
01/05/2013,Monaragala,17
01/06/2013,Monaragala,18
01/07/2013,Monaragala,28
01/08/2013,Monaragala,26
01/09/2013,Monaragala,19
01/10/2013,Monaragala,24
01/11/2013,Monaragala,20
01/12/2013,Monaragala,16
01/01/2013,Rathnapura,131
01/02/2013,Rathnapura,148
01/03/2013,Rathnapura,220
01/04/2013,Rathnapura,217
01/05/2013,Rathnapura,253
01/06/2013,Rathnapura,185
01/07/2013,Rathnapura,169
01/08/2013,Rathnapura,146
01/09/2013,Rathnapura,90
01/10/2013,Rathnapura,44
01/11/2013,Rathnapura,70
01/12/2013,Rathnapura,56
01/01/2013,Kegalla,134
01/02/2013,Kegalla,106
01/03/2013,Kegalla,99
01/04/2013,Kegalla,91
01/05/2013,Kegalla,113
01/06/2013,Kegalla,104
01/07/2013,Kegalla,98
01/08/2013,Kegalla,137
01/09/2013,Kegalla,62
01/10/2013,Kegalla,83
01/11/2013,Kegalla,117
01/12/2013,Kegalla,93
01/01/2013,Kalminai,94
01/02/2013,Kalminai,142
01/03/2013,Kalminai,138
01/04/2013,Kalminai,44
01/05/2013,Kalminai,42
01/06/2013,Kalminai,12
01/07/2013,Kalminai,9
01/08/2013,Kalminai,4
01/09/2013,Kalminai,4
01/10/2013,Kalminai,4
01/11/2013,Kalminai,8
01/12/2013,Kalminai,3
01/01/2014,Colombo,1346
01/02/2014,Colombo,684
01/03/2014,Colombo,488
01/04/2014,Colombo,539
01/05/2014,Colombo,1744
01/06/2014,Colombo,2289
01/07/2014,Colombo,1859
01/08/2014,Colombo,1104
01/09/2014,Colombo,706
01/10/2014,Colombo,1089
01/11/2014,Colombo,1448
01/12/2014,Colombo,1415
01/01/2014,Gampaha,632
01/02/2014,Gampaha,279
01/03/2014,Gampaha,191
01/04/2014,Gampaha,280
01/05/2014,Gampaha,921
01/06/2014,Gampaha,1111
01/07/2014,Gampaha,932
01/08/2014,Gampaha,772
01/09/2014,Gampaha,569
01/10/2014,Gampaha,1015
01/11/2014,Gampaha,1111
01/12/2014,Gampaha,998
01/01/2014,Kalutara,267
01/02/2014,Kalutara,175
01/03/2014,Kalutara,111
01/04/2014,Kalutara,117
01/05/2014,Kalutara,241
01/06/2014,Kalutara,429
01/07/2014,Kalutara,389
01/08/2014,Kalutara,239
01/09/2014,Kalutara,138
01/10/2014,Kalutara,158
01/11/2014,Kalutara,182
01/12/2014,Kalutara,185
01/01/2014,Kandy,93
01/02/2014,Kandy,49
01/03/2014,Kandy,36
01/04/2014,Kandy,47
01/05/2014,Kandy,116
01/06/2014,Kandy,270
01/07/2014,Kandy,223
01/08/2014,Kandy,247
01/09/2014,Kandy,176
01/10/2014,Kandy,289
01/11/2014,Kandy,413
01/12/2014,Kandy,377
01/01/2014,Matale,40
01/02/2014,Matale,35
01/03/2014,Matale,18
01/04/2014,Matale,14
01/05/2014,Matale,14
01/06/2014,Matale,81
01/07/2014,Matale,75
01/08/2014,Matale,55
01/09/2014,Matale,27
01/10/2014,Matale,81
01/11/2014,Matale,101
01/12/2014,Matale,108
01/01/2014,N eliya,27
01/02/2014,N eliya,14
01/03/2014,N eliya,6
01/04/2014,N eliya,11
01/05/2014,N eliya,25
01/06/2014,N eliya,60
01/07/2014,N eliya,39
01/08/2014,N eliya,34
01/09/2014,N eliya,18
01/10/2014,N eliya,29
01/11/2014,N eliya,16
01/12/2014,N eliya,35
01/01/2014,Galle,136
01/02/2014,Galle,49
01/03/2014,Galle,61
01/04/2014,Galle,35
01/05/2014,Galle,75
01/06/2014,Galle,139
01/07/2014,Galle,197
01/08/2014,Galle,107
01/09/2014,Galle,71
01/10/2014,Galle,125
01/11/2014,Galle,109
01/12/2014,Galle,120
01/01/2014,Hambantota,48
01/02/2014,Hambantota,34
01/03/2014,Hambantota,17
01/04/2014,Hambantota,26
01/05/2014,Hambantota,42
01/06/2014,Hambantota,121
01/07/2014,Hambantota,169
01/08/2014,Hambantota,36
01/09/2014,Hambantota,29
01/10/2014,Hambantota,51
01/11/2014,Hambantota,39
01/12/2014,Hambantota,53
01/01/2014,Matara,50
01/02/2014,Matara,31
01/03/2014,Matara,11
01/04/2014,Matara,13
01/05/2014,Matara,22
01/06/2014,Matara,63
01/07/2014,Matara,112
01/08/2014,Matara,82
01/09/2014,Matara,93
01/10/2014,Matara,130
01/11/2014,Matara,71
01/12/2014,Matara,70
01/01/2014,Jaffna,148
01/02/2014,Jaffna,92
01/03/2014,Jaffna,58
01/04/2014,Jaffna,59
01/05/2014,Jaffna,73
01/06/2014,Jaffna,89
01/07/2014,Jaffna,148
01/08/2014,Jaffna,123
01/09/2014,Jaffna,95
01/10/2014,Jaffna,212
01/11/2014,Jaffna,318
01/12/2014,Jaffna,424
01/01/2014,Killinochchi,10
01/02/2014,Killinochchi,10
01/03/2014,Killinochchi,4
01/04/2014,Killinochchi,6
01/05/2014,Killinochchi,0
01/06/2014,Killinochchi,1
01/07/2014,Killinochchi,8
01/08/2014,Killinochchi,3
01/09/2014,Killinochchi,4
01/10/2014,Killinochchi,10
01/11/2014,Killinochchi,15
01/12/2014,Killinochchi,19
01/01/2014,Mannar,2
01/02/2014,Mannar,1
01/03/2014,Mannar,0
01/04/2014,Mannar,1
01/05/2014,Mannar,2
01/06/2014,Mannar,20
01/07/2014,Mannar,13
01/08/2014,Mannar,10
01/09/2014,Mannar,40
01/10/2014,Mannar,68
01/11/2014,Mannar,119
01/12/2014,Mannar,83
01/01/2014,Vauniya,6
01/02/2014,Vauniya,12
01/03/2014,Vauniya,14
01/04/2014,Vauniya,9
01/05/2014,Vauniya,6
01/06/2014,Vauniya,33
01/07/2014,Vauniya,16
01/08/2014,Vauniya,5
01/09/2014,Vauniya,4
01/10/2014,Vauniya,7
01/11/2014,Vauniya,14
01/12/2014,Vauniya,16
01/01/2014,Mulative,23
01/02/2014,Mulative,9
01/03/2014,Mulative,17
01/04/2014,Mulative,4
01/05/2014,Mulative,6
01/06/2014,Mulative,10
01/07/2014,Mulative,6
01/08/2014,Mulative,6
01/09/2014,Mulative,5
01/10/2014,Mulative,5
01/11/2014,Mulative,17
01/12/2014,Mulative,26
01/01/2014,Battocolo,43
01/02/2014,Battocolo,66
01/03/2014,Battocolo,147
01/04/2014,Battocolo,92
01/05/2014,Battocolo,117
01/06/2014,Battocolo,97
01/07/2014,Battocolo,60
01/08/2014,Battocolo,22
01/09/2014,Battocolo,15
01/10/2014,Battocolo,40
01/11/2014,Battocolo,95
01/12/2014,Battocolo,176
01/01/2014,Ampara,22
01/02/2014,Ampara,16
01/03/2014,Ampara,7
01/04/2014,Ampara,13
01/05/2014,Ampara,9
01/06/2014,Ampara,21
01/07/2014,Ampara,17
01/08/2014,Ampara,19
01/09/2014,Ampara,3
01/10/2014,Ampara,10
01/11/2014,Ampara,15
01/12/2014,Ampara,6
01/01/2014,Trincomalee,52
01/02/2014,Trincomalee,38
01/03/2014,Trincomalee,77
01/04/2014,Trincomalee,115
01/05/2014,Trincomalee,100
01/06/2014,Trincomalee,55
01/07/2014,Trincomalee,34
01/08/2014,Trincomalee,18
01/09/2014,Trincomalee,16
01/10/2014,Trincomalee,22
01/11/2014,Trincomalee,55
01/12/2014,Trincomalee,79
01/01/2014,Kurunegala,163
01/02/2014,Kurunegala,106
01/03/2014,Kurunegala,94
01/04/2014,Kurunegala,61
01/05/2014,Kurunegala,61
01/06/2014,Kurunegala,303
01/07/2014,Kurunegala,318
01/08/2014,Kurunegala,296
01/09/2014,Kurunegala,195
01/10/2014,Kurunegala,287
01/11/2014,Kurunegala,316
01/12/2014,Kurunegala,264
01/01/2014,Puttalama,93
01/02/2014,Puttalama,42
01/03/2014,Puttalama,42
01/04/2014,Puttalama,27
01/05/2014,Puttalama,34
01/06/2014,Puttalama,83
01/07/2014,Puttalama,101
01/08/2014,Puttalama,65
01/09/2014,Puttalama,39
01/10/2014,Puttalama,84
01/11/2014,Puttalama,147
01/12/2014,Puttalama,159
01/01/2014,Anuradapura,68
01/02/2014,Anuradapura,44
01/03/2014,Anuradapura,27
01/04/2014,Anuradapura,39
01/05/2014,Anuradapura,27
01/06/2014,Anuradapura,61
01/07/2014,Anuradapura,89
01/08/2014,Anuradapura,39
01/09/2014,Anuradapura,25
01/10/2014,Anuradapura,51
01/11/2014,Anuradapura,54
01/12/2014,Anuradapura,108
01/01/2014,Polonnaruwa,75
01/02/2014,Polonnaruwa,45
01/03/2014,Polonnaruwa,38
01/04/2014,Polonnaruwa,33
01/05/2014,Polonnaruwa,24
01/06/2014,Polonnaruwa,62
01/07/2014,Polonnaruwa,79
01/08/2014,Polonnaruwa,33
01/09/2014,Polonnaruwa,27
01/10/2014,Polonnaruwa,42
01/11/2014,Polonnaruwa,53
01/12/2014,Polonnaruwa,47
01/01/2014,Badulla,56
01/02/2014,Badulla,43
01/03/2014,Badulla,36
01/04/2014,Badulla,12
01/05/2014,Badulla,56
01/06/2014,Badulla,90
01/07/2014,Badulla,79
01/08/2014,Badulla,84
01/09/2014,Badulla,76
01/10/2014,Badulla,129
01/11/2014,Badulla,221
01/12/2014,Badulla,231
01/01/2014,Monaragala,23
01/02/2014,Monaragala,24
01/03/2014,Monaragala,21
01/04/2014,Monaragala,9
01/05/2014,Monaragala,10
01/06/2014,Monaragala,34
01/07/2014,Monaragala,48
01/08/2014,Monaragala,32
01/09/2014,Monaragala,20
01/10/2014,Monaragala,27
01/11/2014,Monaragala,44
01/12/2014,Monaragala,21
01/01/2014,Rathnapura,91
01/02/2014,Rathnapura,43
01/03/2014,Rathnapura,58
01/04/2014,Rathnapura,52
01/05/2014,Rathnapura,370
01/06/2014,Rathnapura,866
01/07/2014,Rathnapura,457
01/08/2014,Rathnapura,343
01/09/2014,Rathnapura,148
01/10/2014,Rathnapura,171
01/11/2014,Rathnapura,124
01/12/2014,Rathnapura,100
01/01/2014,Kegalla,84
01/02/2014,Kegalla,58
01/03/2014,Kegalla,54
01/04/2014,Kegalla,60
01/05/2014,Kegalla,179
01/06/2014,Kegalla,320
01/07/2014,Kegalla,242
01/08/2014,Kegalla,231
01/09/2014,Kegalla,89
01/10/2014,Kegalla,132
01/11/2014,Kegalla,151
01/12/2014,Kegalla,124
01/01/2014,Kalminai,12
01/02/2014,Kalminai,12
01/03/2014,Kalminai,15
01/04/2014,Kalminai,8
01/05/2014,Kalminai,18
01/06/2014,Kalminai,28
01/07/2014,Kalminai,11
01/08/2014,Kalminai,17
01/09/2014,Kalminai,12
01/10/2014,Kalminai,33
01/11/2014,Kalminai,204
01/12/2014,Kalminai,147
01/01/2015,Colombo,1802
01/02/2015,Colombo,1101
01/03/2015,Colombo,537
01/04/2015,Colombo,317
01/05/2015,Colombo,515
01/06/2015,Colombo,515
01/07/2015,Colombo,907
01/08/2015,Colombo,711
01/09/2015,Colombo,401
01/10/2015,Colombo,769
01/11/2015,Colombo,985
01/12/2015,Colombo,1321
01/01/2015,Gampaha,817
01/02/2015,Gampaha,492
01/03/2015,Gampaha,255
01/04/2015,Gampaha,193
01/05/2015,Gampaha,264
01/06/2015,Gampaha,225
01/07/2015,Gampaha,317
01/08/2015,Gampaha,233
01/09/2015,Gampaha,186
01/10/2015,Gampaha,277
01/11/2015,Gampaha,387
01/12/2015,Gampaha,496
01/01/2015,Kalutara,276
01/02/2015,Kalutara,180
01/03/2015,Kalutara,106
01/04/2015,Kalutara,72
01/05/2015,Kalutara,86
01/06/2015,Kalutara,78
01/07/2015,Kalutara,125
01/08/2015,Kalutara,92
01/09/2015,Kalutara,57
01/10/2015,Kalutara,118
01/11/2015,Kalutara,167
01/12/2015,Kalutara,202
01/01/2015,Kandy,253
01/02/2015,Kandy,156
01/03/2015,Kandy,95
01/04/2015,Kandy,63
01/05/2015,Kandy,71
01/06/2015,Kandy,70
01/07/2015,Kandy,64
01/08/2015,Kandy,47
01/09/2015,Kandy,62
01/10/2015,Kandy,154
01/11/2015,Kandy,120
01/12/2015,Kandy,170
01/01/2015,Matale,166
01/02/2015,Matale,92
01/03/2015,Matale,26
01/04/2015,Matale,16
01/05/2015,Matale,10
01/06/2015,Matale,16
01/07/2015,Matale,8
01/08/2015,Matale,7
01/09/2015,Matale,8
01/10/2015,Matale,12
01/11/2015,Matale,18
01/12/2015,Matale,22
01/01/2015,N eliya,38
01/02/2015,N eliya,26
01/03/2015,N eliya,13
01/04/2015,N eliya,5
01/05/2015,N eliya,8
01/06/2015,N eliya,8
01/07/2015,N eliya,15
01/08/2015,N eliya,5
01/09/2015,N eliya,6
01/10/2015,N eliya,15
01/11/2015,N eliya,14
01/12/2015,N eliya,27
01/01/2015,Galle,150
01/02/2015,Galle,118
01/03/2015,Galle,70
01/04/2015,Galle,35
01/05/2015,Galle,26
01/06/2015,Galle,20
01/07/2015,Galle,46
01/08/2015,Galle,80
01/09/2015,Galle,75
01/10/2015,Galle,131
01/11/2015,Galle,151
01/12/2015,Galle,128
01/01/2015,Hambantota,46
01/02/2015,Hambantota,51
01/03/2015,Hambantota,28
01/04/2015,Hambantota,18
01/05/2015,Hambantota,12
01/06/2015,Hambantota,11
01/07/2015,Hambantota,26
01/08/2015,Hambantota,27
01/09/2015,Hambantota,17
01/10/2015,Hambantota,61
01/11/2015,Hambantota,56
01/12/2015,Hambantota,45
01/01/2015,Matara,81
01/02/2015,Matara,46
01/03/2015,Matara,41
01/04/2015,Matara,28
01/05/2015,Matara,25
01/06/2015,Matara,12
01/07/2015,Matara,21
01/08/2015,Matara,24
01/09/2015,Matara,24
01/10/2015,Matara,72
01/11/2015,Matara,43
01/12/2015,Matara,42
01/01/2015,Jaffna,614
01/02/2015,Jaffna,218
01/03/2015,Jaffna,113
01/04/2015,Jaffna,48
01/05/2015,Jaffna,66
01/06/2015,Jaffna,63
01/07/2015,Jaffna,69
01/08/2015,Jaffna,45
01/09/2015,Jaffna,51
01/10/2015,Jaffna,76
01/11/2015,Jaffna,216
01/12/2015,Jaffna,437
01/01/2015,Killinochchi,18
01/02/2015,Killinochchi,11
01/03/2015,Killinochchi,3
01/04/2015,Killinochchi,0
01/05/2015,Killinochchi,2
01/06/2015,Killinochchi,4
01/07/2015,Killinochchi,9
01/08/2015,Killinochchi,7
01/09/2015,Killinochchi,7
01/10/2015,Killinochchi,14
01/11/2015,Killinochchi,11
01/12/2015,Killinochchi,6
01/01/2015,Mannar,50
01/02/2015,Mannar,16
01/03/2015,Mannar,2
01/04/2015,Mannar,1
01/05/2015,Mannar,4
01/06/2015,Mannar,2
01/07/2015,Mannar,1
01/08/2015,Mannar,1
01/09/2015,Mannar,2
01/10/2015,Mannar,2
01/11/2015,Mannar,4
01/12/2015,Mannar,20
01/01/2015,Vauniya,32
01/02/2015,Vauniya,15
01/03/2015,Vauniya,8
01/04/2015,Vauniya,4
01/05/2015,Vauniya,15
01/06/2015,Vauniya,9
01/07/2015,Vauniya,5
01/08/2015,Vauniya,4
01/09/2015,Vauniya,11
01/10/2015,Vauniya,19
01/11/2015,Vauniya,16
01/12/2015,Vauniya,59
01/01/2015,Mulative,36
01/02/2015,Mulative,17
01/03/2015,Mulative,8
01/04/2015,Mulative,10
01/05/2015,Mulative,12
01/06/2015,Mulative,14
01/07/2015,Mulative,13
01/08/2015,Mulative,7
01/09/2015,Mulative,2
01/10/2015,Mulative,2
01/11/2015,Mulative,6
01/12/2015,Mulative,15
01/01/2015,Battocolo,335
01/02/2015,Battocolo,347
01/03/2015,Battocolo,210
01/04/2015,Battocolo,124
01/05/2015,Battocolo,139
01/06/2015,Battocolo,82
01/07/2015,Battocolo,65
01/08/2015,Battocolo,18
01/09/2015,Battocolo,8
01/10/2015,Battocolo,31
01/11/2015,Battocolo,40
01/12/2015,Battocolo,75
01/01/2015,Ampara,10
01/02/2015,Ampara,5
01/03/2015,Ampara,6
01/04/2015,Ampara,0
01/05/2015,Ampara,5
01/06/2015,Ampara,9
01/07/2015,Ampara,4
01/08/2015,Ampara,6
01/09/2015,Ampara,5
01/10/2015,Ampara,3
01/11/2015,Ampara,3
01/12/2015,Ampara,11
01/01/2015,Trincomalee,131
01/02/2015,Trincomalee,96
01/03/2015,Trincomalee,59
01/04/2015,Trincomalee,81
01/05/2015,Trincomalee,65
01/06/2015,Trincomalee,39
01/07/2015,Trincomalee,30
01/08/2015,Trincomalee,9
01/09/2015,Trincomalee,8
01/10/2015,Trincomalee,6
01/11/2015,Trincomalee,15
01/12/2015,Trincomalee,48
01/01/2015,Kurunegala,329
01/02/2015,Kurunegala,178
01/03/2015,Kurunegala,108
01/04/2015,Kurunegala,73
01/05/2015,Kurunegala,62
01/06/2015,Kurunegala,61
01/07/2015,Kurunegala,82
01/08/2015,Kurunegala,70
01/09/2015,Kurunegala,27
01/10/2015,Kurunegala,56
01/11/2015,Kurunegala,107
01/12/2015,Kurunegala,100
01/01/2015,Puttalama,256
01/02/2015,Puttalama,85
01/03/2015,Puttalama,34
01/04/2015,Puttalama,20
01/05/2015,Puttalama,32
01/06/2015,Puttalama,42
01/07/2015,Puttalama,65
01/08/2015,Puttalama,14
01/09/2015,Puttalama,12
01/10/2015,Puttalama,23
01/11/2015,Puttalama,77
01/12/2015,Puttalama,79
01/01/2015,Anuradapura,122
01/02/2015,Anuradapura,78
01/03/2015,Anuradapura,27
01/04/2015,Anuradapura,18
01/05/2015,Anuradapura,12
01/06/2015,Anuradapura,15
01/07/2015,Anuradapura,18
01/08/2015,Anuradapura,13
01/09/2015,Anuradapura,14
01/10/2015,Anuradapura,12
01/11/2015,Anuradapura,29
01/12/2015,Anuradapura,43
01/01/2015,Polonnaruwa,47
01/02/2015,Polonnaruwa,48
01/03/2015,Polonnaruwa,13
01/04/2015,Polonnaruwa,9
01/05/2015,Polonnaruwa,12
01/06/2015,Polonnaruwa,9
01/07/2015,Polonnaruwa,18
01/08/2015,Polonnaruwa,12
01/09/2015,Polonnaruwa,8
01/10/2015,Polonnaruwa,21
01/11/2015,Polonnaruwa,25
01/12/2015,Polonnaruwa,28
01/01/2015,Badulla,195
01/02/2015,Badulla,60
01/03/2015,Badulla,30
01/04/2015,Badulla,31
01/05/2015,Badulla,22
01/06/2015,Badulla,30
01/07/2015,Badulla,33
01/08/2015,Badulla,19
01/09/2015,Badulla,10
01/10/2015,Badulla,35
01/11/2015,Badulla,54
01/12/2015,Badulla,47
01/01/2015,Monaragala,46
01/02/2015,Monaragala,29
01/03/2015,Monaragala,15
01/04/2015,Monaragala,7
01/05/2015,Monaragala,7
01/06/2015,Monaragala,18
01/07/2015,Monaragala,16
01/08/2015,Monaragala,14
01/09/2015,Monaragala,2
01/10/2015,Monaragala,16
01/11/2015,Monaragala,23
01/12/2015,Monaragala,30
01/01/2015,Rathnapura,163
01/02/2015,Rathnapura,122
01/03/2015,Rathnapura,90
01/04/2015,Rathnapura,59
01/05/2015,Rathnapura,70
01/06/2015,Rathnapura,68
01/07/2015,Rathnapura,105
01/08/2015,Rathnapura,74
01/09/2015,Rathnapura,46
01/10/2015,Rathnapura,64
01/11/2015,Rathnapura,93
01/12/2015,Rathnapura,87
01/01/2015,Kegalla,104
01/02/2015,Kegalla,57
01/03/2015,Kegalla,36
01/04/2015,Kegalla,40
01/05/2015,Kegalla,54
01/06/2015,Kegalla,38
01/07/2015,Kegalla,50
01/08/2015,Kegalla,49
01/09/2015,Kegalla,36
01/10/2015,Kegalla,70
01/11/2015,Kegalla,80
01/12/2015,Kegalla,97
01/01/2015,Kalminai,228
01/02/2015,Kalminai,87
01/03/2015,Kalminai,29
01/04/2015,Kalminai,21
01/05/2015,Kalminai,29
01/06/2015,Kalminai,19
01/07/2015,Kalminai,13
01/08/2015,Kalminai,16
01/09/2015,Kalminai,14
01/10/2015,Kalminai,7
01/11/2015,Kalminai,22
01/12/2015,Kalminai,53
01/01/2016,Colombo,2184
01/02/2016,Colombo,1569
01/03/2016,Colombo,1016
01/04/2016,Colombo,942
01/05/2016,Colombo,693
01/06/2016,Colombo,1459
01/07/2016,Colombo,3191
01/08/2016,Colombo,1478
01/09/2016,Colombo,939
01/10/2016,Colombo,459
01/11/2016,Colombo,460
01/12/2016,Colombo,2377
01/01/2016,Gampaha,862
01/02/2016,Gampaha,615
01/03/2016,Gampaha,260
01/04/2016,Gampaha,276
01/05/2016,Gampaha,221
01/06/2016,Gampaha,555
01/07/2016,Gampaha,1625
01/08/2016,Gampaha,687
01/09/2016,Gampaha,526
01/10/2016,Gampaha,219
01/11/2016,Gampaha,220
01/12/2016,Gampaha,1107
01/01/2016,Kalutara,321
01/02/2016,Kalutara,294
01/03/2016,Kalutara,197
01/04/2016,Kalutara,312
01/05/2016,Kalutara,249
01/06/2016,Kalutara,343
01/07/2016,Kalutara,683
01/08/2016,Kalutara,293
01/09/2016,Kalutara,195
01/10/2016,Kalutara,106
01/11/2016,Kalutara,121
01/12/2016,Kalutara,388
01/01/2016,Kandy,335
01/02/2016,Kandy,207
01/03/2016,Kandy,93
01/04/2016,Kandy,109
01/05/2016,Kandy,154
01/06/2016,Kandy,504
01/07/2016,Kandy,1226
01/08/2016,Kandy,510
01/09/2016,Kandy,347
01/10/2016,Kandy,165
01/11/2016,Kandy,112
01/12/2016,Kandy,301
01/01/2016,Matale,51
01/02/2016,Matale,42
01/03/2016,Matale,33
01/04/2016,Matale,21
01/05/2016,Matale,29
01/06/2016,Matale,89
01/07/2016,Matale,348
01/08/2016,Matale,133
01/09/2016,Matale,135
01/10/2016,Matale,78
01/11/2016,Matale,66
01/12/2016,Matale,123
01/01/2016,N eliya,44
01/02/2016,N eliya,22
01/03/2016,N eliya,20
01/04/2016,N eliya,31
01/05/2016,N eliya,18
01/06/2016,N eliya,38
01/07/2016,N eliya,111
01/08/2016,N eliya,51
01/09/2016,N eliya,25
01/10/2016,N eliya,18
01/11/2016,N eliya,12
01/12/2016,N eliya,31
01/01/2016,Galle,276
01/02/2016,Galle,135
01/03/2016,Galle,110
01/04/2016,Galle,120
01/05/2016,Galle,118
01/06/2016,Galle,121
01/07/2016,Galle,467
01/08/2016,Galle,253
01/09/2016,Galle,288
01/10/2016,Galle,236
01/11/2016,Galle,281
01/12/2016,Galle,681
01/01/2016,Hambantota,97
01/02/2016,Hambantota,79
01/03/2016,Hambantota,47
01/04/2016,Hambantota,43
01/05/2016,Hambantota,42
01/06/2016,Hambantota,82
01/07/2016,Hambantota,176
01/08/2016,Hambantota,47
01/09/2016,Hambantota,57
01/10/2016,Hambantota,30
01/11/2016,Hambantota,47
01/12/2016,Hambantota,153
01/01/2016,Matara,139
01/02/2016,Matara,92
01/03/2016,Matara,43
01/04/2016,Matara,56
01/05/2016,Matara,35
01/06/2016,Matara,119
01/07/2016,Matara,282
01/08/2016,Matara,144
01/09/2016,Matara,115
01/10/2016,Matara,82
01/11/2016,Matara,86
01/12/2016,Matara,191
01/01/2016,Jaffna,687
01/02/2016,Jaffna,238
01/03/2016,Jaffna,150
01/04/2016,Jaffna,93
01/05/2016,Jaffna,58
01/06/2016,Jaffna,80
01/07/2016,Jaffna,226
01/08/2016,Jaffna,148
01/09/2016,Jaffna,121
01/10/2016,Jaffna,91
01/11/2016,Jaffna,135
01/12/2016,Jaffna,441
01/01/2016,Killinochchi,15
01/02/2016,Killinochchi,16
01/03/2016,Killinochchi,5
01/04/2016,Killinochchi,7
01/05/2016,Killinochchi,4
01/06/2016,Killinochchi,4
01/07/2016,Killinochchi,8
01/08/2016,Killinochchi,8
01/09/2016,Killinochchi,3
01/10/2016,Killinochchi,5
01/11/2016,Killinochchi,1
01/12/2016,Killinochchi,10
01/01/2016,Mannar,42
01/02/2016,Mannar,17
01/03/2016,Mannar,3
01/04/2016,Mannar,7
01/05/2016,Mannar,16
01/06/2016,Mannar,10
01/07/2016,Mannar,10
01/08/2016,Mannar,2
01/09/2016,Mannar,12
01/10/2016,Mannar,18
01/11/2016,Mannar,17
01/12/2016,Mannar,78
01/01/2016,Vauniya,69
01/02/2016,Vauniya,22
01/03/2016,Vauniya,19
01/04/2016,Vauniya,26
01/05/2016,Vauniya,13
01/06/2016,Vauniya,7
01/07/2016,Vauniya,30
01/08/2016,Vauniya,12
01/09/2016,Vauniya,20
01/10/2016,Vauniya,12
01/11/2016,Vauniya,5
01/12/2016,Vauniya,33
01/01/2016,Mulative,29
01/02/2016,Mulative,18
01/03/2016,Mulative,19
01/04/2016,Mulative,22
01/05/2016,Mulative,9
01/06/2016,Mulative,18
01/07/2016,Mulative,22
01/08/2016,Mulative,12
01/09/2016,Mulative,7
01/10/2016,Mulative,7
01/11/2016,Mulative,7
01/12/2016,Mulative,12
01/01/2016,Battocolo,124
01/02/2016,Battocolo,65
01/03/2016,Battocolo,34
01/04/2016,Battocolo,31
01/05/2016,Battocolo,20
01/06/2016,Battocolo,43
01/07/2016,Battocolo,69
01/08/2016,Battocolo,38
01/09/2016,Battocolo,31
01/10/2016,Battocolo,13
01/11/2016,Battocolo,18
01/12/2016,Battocolo,126
01/01/2016,Ampara,38
01/02/2016,Ampara,19
01/03/2016,Ampara,18
01/04/2016,Ampara,18
01/05/2016,Ampara,7
01/06/2016,Ampara,22
01/07/2016,Ampara,61
01/08/2016,Ampara,17
01/09/2016,Ampara,20
01/10/2016,Ampara,7
01/11/2016,Ampara,4
01/12/2016,Ampara,29
01/01/2016,Trincomalee,102
01/02/2016,Trincomalee,59
01/03/2016,Trincomalee,42
01/04/2016,Trincomalee,32
01/05/2016,Trincomalee,28
01/06/2016,Trincomalee,25
01/07/2016,Trincomalee,35
01/08/2016,Trincomalee,17
01/09/2016,Trincomalee,14
01/10/2016,Trincomalee,9
01/11/2016,Trincomalee,8
01/12/2016,Trincomalee,132
01/01/2016,Kurunegala,241
01/02/2016,Kurunegala,170
01/03/2016,Kurunegala,105
01/04/2016,Kurunegala,98
01/05/2016,Kurunegala,194
01/06/2016,Kurunegala,361
01/07/2016,Kurunegala,598
01/08/2016,Kurunegala,227
01/09/2016,Kurunegala,125
01/10/2016,Kurunegala,67
01/11/2016,Kurunegala,110
01/12/2016,Kurunegala,260
01/01/2016,Puttalama,206
01/02/2016,Puttalama,160
01/03/2016,Puttalama,63
01/04/2016,Puttalama,74
01/05/2016,Puttalama,53
01/06/2016,Puttalama,87
01/07/2016,Puttalama,144
01/08/2016,Puttalama,89
01/09/2016,Puttalama,47
01/10/2016,Puttalama,17
01/11/2016,Puttalama,26
01/12/2016,Puttalama,80
01/01/2016,Anuradapura,98
01/02/2016,Anuradapura,65
01/03/2016,Anuradapura,33
01/04/2016,Anuradapura,50
01/05/2016,Anuradapura,29
01/06/2016,Anuradapura,40
01/07/2016,Anuradapura,137
01/08/2016,Anuradapura,91
01/09/2016,Anuradapura,70
01/10/2016,Anuradapura,28
01/11/2016,Anuradapura,30
01/12/2016,Anuradapura,60
01/01/2016,Polonnaruwa,60
01/02/2016,Polonnaruwa,48
01/03/2016,Polonnaruwa,24
01/04/2016,Polonnaruwa,33
01/05/2016,Polonnaruwa,20
01/06/2016,Polonnaruwa,31
01/07/2016,Polonnaruwa,110
01/08/2016,Polonnaruwa,38
01/09/2016,Polonnaruwa,27
01/10/2016,Polonnaruwa,22
01/11/2016,Polonnaruwa,23
01/12/2016,Polonnaruwa,43
01/01/2016,Badulla,85
01/02/2016,Badulla,40
01/03/2016,Badulla,55
01/04/2016,Badulla,43
01/05/2016,Badulla,32
01/06/2016,Badulla,107
01/07/2016,Badulla,169
01/08/2016,Badulla,72
01/09/2016,Badulla,127
01/10/2016,Badulla,200
01/11/2016,Badulla,105
01/12/2016,Badulla,150
01/01/2016,Monaragala,58
01/02/2016,Monaragala,32
01/03/2016,Monaragala,23
01/04/2016,Monaragala,31
01/05/2016,Monaragala,18
01/06/2016,Monaragala,24
01/07/2016,Monaragala,70
01/08/2016,Monaragala,59
01/09/2016,Monaragala,46
01/10/2016,Monaragala,18
01/11/2016,Monaragala,29
01/12/2016,Monaragala,67
01/01/2016,Rathnapura,211
01/02/2016,Rathnapura,135
01/03/2016,Rathnapura,169
01/04/2016,Rathnapura,237
01/05/2016,Rathnapura,241
01/06/2016,Rathnapura,395
01/07/2016,Rathnapura,681
01/08/2016,Rathnapura,275
01/09/2016,Rathnapura,196
01/10/2016,Rathnapura,139
01/11/2016,Rathnapura,143
01/12/2016,Rathnapura,308
01/01/2016,Kegalla,198
01/02/2016,Kegalla,153
01/03/2016,Kegalla,66
01/04/2016,Kegalla,90
01/05/2016,Kegalla,100
01/06/2016,Kegalla,149
01/07/2016,Kegalla,210
01/08/2016,Kegalla,153
01/09/2016,Kegalla,104
01/10/2016,Kegalla,82
01/11/2016,Kegalla,60
01/12/2016,Kegalla,148
01/01/2016,Kalminai,122
01/02/2016,Kalminai,127
01/03/2016,Kalminai,49
01/04/2016,Kalminai,30
01/05/2016,Kalminai,21
01/06/2016,Kalminai,18
01/07/2016,Kalminai,26
01/08/2016,Kalminai,19
01/09/2016,Kalminai,32
01/10/2016,Kalminai,57
01/11/2016,Kalminai,131
01/12/2016,Kalminai,348
01/01/2017,Colombo,2734
01/02/2017,Colombo,1900
01/03/2017,Colombo,2467
01/04/2017,Colombo,2570
01/05/2017,Colombo,3333
01/06/2017,Colombo,5372
01/07/2017,Colombo,7471
01/08/2017,Colombo,3620
01/09/2017,Colombo,1251
01/10/2017,Colombo,823
01/11/2017,Colombo,1131
01/12/2017,Colombo,1602
01/01/2017,Gampaha,1635
01/02/2017,Gampaha,1087
01/03/2017,Gampaha,1870
01/04/2017,Gampaha,2072
01/05/2017,Gampaha,3168
01/06/2017,Gampaha,4901
01/07/2017,Gampaha,9039
01/08/2017,Gampaha,3553
01/09/2017,Gampaha,1246
01/10/2017,Gampaha,779
01/11/2017,Gampaha,1078
01/12/2017,Gampaha,1219
01/01/2017,Kalutara,581
01/02/2017,Kalutara,448
01/03/2017,Kalutara,836
01/04/2017,Kalutara,739
01/05/2017,Kalutara,946
01/06/2017,Kalutara,1248
01/07/2017,Kalutara,2612
01/08/2017,Kalutara,1477
01/09/2017,Kalutara,663
01/10/2017,Kalutara,337
01/11/2017,Kalutara,528
01/12/2017,Kalutara,546
01/01/2017,Kandy,252
01/02/2017,Kandy,207
01/03/2017,Kandy,369
01/04/2017,Kandy,443
01/05/2017,Kandy,862
01/06/2017,Kandy,2314
01/07/2017,Kandy,3855
01/08/2017,Kandy,2354
01/09/2017,Kandy,1090
01/10/2017,Kandy,821
01/11/2017,Kandy,884
01/12/2017,Kandy,957
01/01/2017,Matale,129
01/02/2017,Matale,103
01/03/2017,Matale,145
01/04/2017,Matale,120
01/05/2017,Matale,165
01/06/2017,Matale,436
01/07/2017,Matale,766
01/08/2017,Matale,534
01/09/2017,Matale,167
01/10/2017,Matale,177
01/11/2017,Matale,214
01/12/2017,Matale,215
01/01/2017,N eliya,50
01/02/2017,N eliya,32
01/03/2017,N eliya,42
01/04/2017,N eliya,37
01/05/2017,N eliya,57
01/06/2017,N eliya,94
01/07/2017,N eliya,294
01/08/2017,N eliya,159
01/09/2017,N eliya,39
01/10/2017,N eliya,27
01/11/2017,N eliya,22
01/12/2017,N eliya,39
01/01/2017,Galle,872
01/02/2017,Galle,567
01/03/2017,Galle,424
01/04/2017,Galle,265
01/05/2017,Galle,394
01/06/2017,Galle,623
01/07/2017,Galle,1072
01/08/2017,Galle,877
01/09/2017,Galle,369
01/10/2017,Galle,163
01/11/2017,Galle,300
01/12/2017,Galle,339
01/01/2017,Hambantota,301
01/02/2017,Hambantota,225
01/03/2017,Hambantota,339
01/04/2017,Hambantota,333
01/05/2017,Hambantota,272
01/06/2017,Hambantota,384
01/07/2017,Hambantota,529
01/08/2017,Hambantota,359
01/09/2017,Hambantota,237
01/10/2017,Hambantota,174
01/11/2017,Hambantota,244
01/12/2017,Hambantota,181
01/01/2017,Matara,431
01/02/2017,Matara,382
01/03/2017,Matara,337
01/04/2017,Matara,354
01/05/2017,Matara,488
01/06/2017,Matara,581
01/07/2017,Matara,1789
01/08/2017,Matara,1029
01/09/2017,Matara,403
01/10/2017,Matara,174
01/11/2017,Matara,181
01/12/2017,Matara,182
01/01/2017,Jaffna,625
01/02/2017,Jaffna,478
01/03/2017,Jaffna,863
01/04/2017,Jaffna,499
01/05/2017,Jaffna,301
01/06/2017,Jaffna,288
01/07/2017,Jaffna,376
01/08/2017,Jaffna,290
01/09/2017,Jaffna,341
01/10/2017,Jaffna,593
01/11/2017,Jaffna,509
01/12/2017,Jaffna,912
01/01/2017,Killinochchi,55
01/02/2017,Killinochchi,84
01/03/2017,Killinochchi,35
01/04/2017,Killinochchi,46
01/05/2017,Killinochchi,21
01/06/2017,Killinochchi,21
01/07/2017,Killinochchi,90
01/08/2017,Killinochchi,59
01/09/2017,Killinochchi,30
01/10/2017,Killinochchi,17
01/11/2017,Killinochchi,28
01/12/2017,Killinochchi,32
01/01/2017,Mannar,147
01/02/2017,Mannar,91
01/03/2017,Mannar,65
01/04/2017,Mannar,90
01/05/2017,Mannar,60
01/06/2017,Mannar,23
01/07/2017,Mannar,23
01/08/2017,Mannar,5
01/09/2017,Mannar,3
01/10/2017,Mannar,6
01/11/2017,Mannar,8
01/12/2017,Mannar,22
01/01/2017,Vauniya,58
01/02/2017,Vauniya,76
01/03/2017,Vauniya,143
01/04/2017,Vauniya,83
01/05/2017,Vauniya,65
01/06/2017,Vauniya,81
01/07/2017,Vauniya,137
01/08/2017,Vauniya,92
01/09/2017,Vauniya,52
01/10/2017,Vauniya,48
01/11/2017,Vauniya,97
01/12/2017,Vauniya,143
01/01/2017,Mulative,37
01/02/2017,Mulative,32
01/03/2017,Mulative,21
01/04/2017,Mulative,16
01/05/2017,Mulative,27
01/06/2017,Mulative,37
01/07/2017,Mulative,71
01/08/2017,Mulative,50
01/09/2017,Mulative,23
01/10/2017,Mulative,16
01/11/2017,Mulative,24
01/12/2017,Mulative,40
01/01/2017,Battocolo,217
01/02/2017,Battocolo,465
01/03/2017,Battocolo,828
01/04/2017,Battocolo,1182
01/05/2017,Battocolo,869
01/06/2017,Battocolo,465
01/07/2017,Battocolo,273
01/08/2017,Battocolo,197
01/09/2017,Battocolo,143
01/10/2017,Battocolo,140
01/11/2017,Battocolo,271
01/12/2017,Battocolo,556
01/01/2017,Ampara,51
01/02/2017,Ampara,51
01/03/2017,Ampara,59
01/04/2017,Ampara,72
01/05/2017,Ampara,75
01/06/2017,Ampara,105
01/07/2017,Ampara,225
01/08/2017,Ampara,100
01/09/2017,Ampara,62
01/10/2017,Ampara,41
01/11/2017,Ampara,33
01/12/2017,Ampara,60
01/01/2017,Trincomalee,387
01/02/2017,Trincomalee,661
01/03/2017,Trincomalee,2114
01/04/2017,Trincomalee,936
01/05/2017,Trincomalee,158
01/06/2017,Trincomalee,136
01/07/2017,Trincomalee,154
01/08/2017,Trincomalee,99
01/09/2017,Trincomalee,68
01/10/2017,Trincomalee,70
01/11/2017,Trincomalee,105
01/12/2017,Trincomalee,120
01/01/2017,Kurunegala,403
01/02/2017,Kurunegala,381
01/03/2017,Kurunegala,505
01/04/2017,Kurunegala,629
01/05/2017,Kurunegala,1281
01/06/2017,Kurunegala,2030
01/07/2017,Kurunegala,2300
01/08/2017,Kurunegala,1487
01/09/2017,Kurunegala,576
01/10/2017,Kurunegala,368
01/11/2017,Kurunegala,747
01/12/2017,Kurunegala,562
01/01/2017,Puttalama,196
01/02/2017,Puttalama,132
01/03/2017,Puttalama,212
01/04/2017,Puttalama,318
01/05/2017,Puttalama,612
01/06/2017,Puttalama,783
01/07/2017,Puttalama,1304
01/08/2017,Puttalama,1192
01/09/2017,Puttalama,419
01/10/2017,Puttalama,501
01/11/2017,Puttalama,1037
01/12/2017,Puttalama,1135
01/01/2017,Anuradapura,166
01/02/2017,Anuradapura,147
01/03/2017,Anuradapura,255
01/04/2017,Anuradapura,193
01/05/2017,Anuradapura,249
01/06/2017,Anuradapura,378
01/07/2017,Anuradapura,709
01/08/2017,Anuradapura,299
01/09/2017,Anuradapura,96
01/10/2017,Anuradapura,79
01/11/2017,Anuradapura,153
01/12/2017,Anuradapura,191
01/01/2017,Polonnaruwa,54
01/02/2017,Polonnaruwa,64
01/03/2017,Polonnaruwa,98
01/04/2017,Polonnaruwa,172
01/05/2017,Polonnaruwa,160
01/06/2017,Polonnaruwa,190
01/07/2017,Polonnaruwa,320
01/08/2017,Polonnaruwa,104
01/09/2017,Polonnaruwa,54
01/10/2017,Polonnaruwa,56
01/11/2017,Polonnaruwa,65
01/12/2017,Polonnaruwa,73
01/01/2017,Badulla,226
01/02/2017,Badulla,130
01/03/2017,Badulla,139
01/04/2017,Badulla,167
01/05/2017,Badulla,186
01/06/2017,Badulla,400
01/07/2017,Badulla,1220
01/08/2017,Badulla,490
01/09/2017,Badulla,273
01/10/2017,Badulla,159
01/11/2017,Badulla,174
01/12/2017,Badulla,178
01/01/2017,Monaragala,97
01/02/2017,Monaragala,97
01/03/2017,Monaragala,112
01/04/2017,Monaragala,126
01/05/2017,Monaragala,164
01/06/2017,Monaragala,449
01/07/2017,Monaragala,569
01/08/2017,Monaragala,348
01/09/2017,Monaragala,300
01/10/2017,Monaragala,357
01/11/2017,Monaragala,334
01/12/2017,Monaragala,291
01/01/2017,Rathnapura,439
01/02/2017,Rathnapura,360
01/03/2017,Rathnapura,507
01/04/2017,Rathnapura,519
01/05/2017,Rathnapura,1161
01/06/2017,Rathnapura,1908
01/07/2017,Rathnapura,3175
01/08/2017,Rathnapura,1661
01/09/2017,Rathnapura,740
01/10/2017,Rathnapura,265
01/11/2017,Rathnapura,255
01/12/2017,Rathnapura,306
01/01/2017,Kegalla,210
01/02/2017,Kegalla,230
01/03/2017,Kegalla,377
01/04/2017,Kegalla,332
01/05/2017,Kegalla,700
01/06/2017,Kegalla,1945
01/07/2017,Kegalla,2551
01/08/2017,Kegalla,1684
01/09/2017,Kegalla,746
01/10/2017,Kegalla,264
01/11/2017,Kegalla,250
01/12/2017,Kegalla,269
01/01/2017,Kalminai,574
01/02/2017,Kalminai,294
01/03/2017,Kalminai,378
01/04/2017,Kalminai,197
01/05/2017,Kalminai,162
01/06/2017,Kalminai,127
01/07/2017,Kalminai,197
01/08/2017,Kalminai,151
01/09/2017,Kalminai,128
01/10/2017,Kalminai,159
01/11/2017,Kalminai,196
01/12/2017,Kalminai,583
01/01/2018,Colombo,1177
01/02/2018,Colombo,622
01/03/2018,Colombo,475
01/04/2018,Colombo,403
01/05/2018,Colombo,615
01/06/2018,Colombo,1292
01/07/2018,Colombo,1568
01/08/2018,Colombo,1037
01/09/2018,Colombo,387
01/10/2018,Colombo,372
01/11/2018,Colombo,977
01/12/2018,Colombo,1333
01/01/2018,Gampaha,711
01/02/2018,Gampaha,404
01/03/2018,Gampaha,239
01/04/2018,Gampaha,175
01/05/2018,Gampaha,233
01/06/2018,Gampaha,668
01/07/2018,Gampaha,852
01/08/2018,Gampaha,661
01/09/2018,Gampaha,350
01/10/2018,Gampaha,237
01/11/2018,Gampaha,590
01/12/2018,Gampaha,737
01/01/2018,Kalutara,431
01/02/2018,Kalutara,314
01/03/2018,Kalutara,305
01/04/2018,Kalutara,136
01/05/2018,Kalutara,169
01/06/2018,Kalutara,327
01/07/2018,Kalutara,422
01/08/2018,Kalutara,262
01/09/2018,Kalutara,119
01/10/2018,Kalutara,87
01/11/2018,Kalutara,233
01/12/2018,Kalutara,350
01/01/2018,Kandy,481
01/02/2018,Kandy,271
01/03/2018,Kandy,181
01/04/2018,Kandy,140
01/05/2018,Kandy,296
01/06/2018,Kandy,411
01/07/2018,Kandy,494
01/08/2018,Kandy,393
01/09/2018,Kandy,273
01/10/2018,Kandy,193
01/11/2018,Kandy,360
01/12/2018,Kandy,339
01/01/2018,Matale,139
01/02/2018,Matale,69
01/03/2018,Matale,68
01/04/2018,Matale,71
01/05/2018,Matale,117
01/06/2018,Matale,88
01/07/2018,Matale,121
01/08/2018,Matale,81
01/09/2018,Matale,26
01/10/2018,Matale,23
01/11/2018,Matale,43
01/12/2018,Matale,60
01/01/2018,N eliya,23
01/02/2018,N eliya,16
01/03/2018,N eliya,10
01/04/2018,N eliya,15
01/05/2018,N eliya,15
01/06/2018,N eliya,15
01/07/2018,N eliya,37
01/08/2018,N eliya,23
01/09/2018,N eliya,11
01/10/2018,N eliya,13
01/11/2018,N eliya,14
01/12/2018,N eliya,15
01/01/2018,Galle,170
01/02/2018,Galle,127
01/03/2018,Galle,71
01/04/2018,Galle,54
01/05/2018,Galle,54
01/06/2018,Galle,88
01/07/2018,Galle,133
01/08/2018,Galle,62
01/09/2018,Galle,33
01/10/2018,Galle,34
01/11/2018,Galle,66
01/12/2018,Galle,84
01/01/2018,Hambantota,126
01/02/2018,Hambantota,120
01/03/2018,Hambantota,125
01/04/2018,Hambantota,61
01/05/2018,Hambantota,21
01/06/2018,Hambantota,58
01/07/2018,Hambantota,103
01/08/2018,Hambantota,78
01/09/2018,Hambantota,31
01/10/2018,Hambantota,48
01/11/2018,Hambantota,100
01/12/2018,Hambantota,101
01/01/2018,Matara,136
01/02/2018,Matara,120
01/03/2018,Matara,95
01/04/2018,Matara,50
01/05/2018,Matara,41
01/06/2018,Matara,43
01/07/2018,Matara,152
01/08/2018,Matara,159
01/09/2018,Matara,75
01/10/2018,Matara,47
01/11/2018,Matara,89
01/12/2018,Matara,141
01/01/2018,Jaffna,637
01/02/2018,Jaffna,314
01/03/2018,Jaffna,206
01/04/2018,Jaffna,86
01/05/2018,Jaffna,100
01/06/2018,Jaffna,439
01/07/2018,Jaffna,301
01/08/2018,Jaffna,201
01/09/2018,Jaffna,115
01/10/2018,Jaffna,203
01/11/2018,Jaffna,525
01/12/2018,Jaffna,931
01/01/2018,Killinochchi,38
01/02/2018,Killinochchi,30
01/03/2018,Killinochchi,29
01/04/2018,Killinochchi,18
01/05/2018,Killinochchi,20
01/06/2018,Killinochchi,45
01/07/2018,Killinochchi,33
01/08/2018,Killinochchi,27
01/09/2018,Killinochchi,34
01/10/2018,Killinochchi,9
01/11/2018,Killinochchi,32
01/12/2018,Killinochchi,27
01/01/2018,Mannar,12
01/02/2018,Mannar,2
01/03/2018,Mannar,6
01/04/2018,Mannar,5
01/05/2018,Mannar,2
01/06/2018,Mannar,9
01/07/2018,Mannar,111
01/08/2018,Mannar,39
01/09/2018,Mannar,4
01/10/2018,Mannar,6
01/11/2018,Mannar,6
01/12/2018,Mannar,22
01/01/2018,Vauniya,71
01/02/2018,Vauniya,46
01/03/2018,Vauniya,50
01/04/2018,Vauniya,24
01/05/2018,Vauniya,24
01/06/2018,Vauniya,89
01/07/2018,Vauniya,86
01/08/2018,Vauniya,75
01/09/2018,Vauniya,23
01/10/2018,Vauniya,22
01/11/2018,Vauniya,43
01/12/2018,Vauniya,50
01/01/2018,Mulative,10
01/02/2018,Mulative,9
01/03/2018,Mulative,6
01/04/2018,Mulative,4
01/05/2018,Mulative,5
01/06/2018,Mulative,17
01/07/2018,Mulative,17
01/08/2018,Mulative,18
01/09/2018,Mulative,7
01/10/2018,Mulative,8
01/11/2018,Mulative,7
01/12/2018,Mulative,10
01/01/2018,Battocolo,598
01/02/2018,Battocolo,496
01/03/2018,Battocolo,548
01/04/2018,Battocolo,577
01/05/2018,Battocolo,808
01/06/2018,Battocolo,689
01/07/2018,Battocolo,330
01/08/2018,Battocolo,156
01/09/2018,Battocolo,81
01/10/2018,Battocolo,116
01/11/2018,Battocolo,227
01/12/2018,Battocolo,217
01/01/2018,Ampara,24
01/02/2018,Ampara,14
01/03/2018,Ampara,14
01/04/2018,Ampara,8
01/05/2018,Ampara,6
01/06/2018,Ampara,47
01/07/2018,Ampara,60
01/08/2018,Ampara,20
01/09/2018,Ampara,7
01/10/2018,Ampara,8
01/11/2018,Ampara,25
01/12/2018,Ampara,16
01/01/2018,Trincomalee,100
01/02/2018,Trincomalee,91
01/03/2018,Trincomalee,63
01/04/2018,Trincomalee,65
01/05/2018,Trincomalee,119
01/06/2018,Trincomalee,218
01/07/2018,Trincomalee,175
01/08/2018,Trincomalee,75
01/09/2018,Trincomalee,23
01/10/2018,Trincomalee,13
01/11/2018,Trincomalee,97
01/12/2018,Trincomalee,176
01/01/2018,Kurunegala,505
01/02/2018,Kurunegala,309
01/03/2018,Kurunegala,176
01/04/2018,Kurunegala,101
01/05/2018,Kurunegala,120
01/06/2018,Kurunegala,183
01/07/2018,Kurunegala,284
01/08/2018,Kurunegala,210
01/09/2018,Kurunegala,92
01/10/2018,Kurunegala,68
01/11/2018,Kurunegala,220
01/12/2018,Kurunegala,196
01/01/2018,Puttalama,537
01/02/2018,Puttalama,270
01/03/2018,Puttalama,124
01/04/2018,Puttalama,61
01/05/2018,Puttalama,103
01/06/2018,Puttalama,96
01/07/2018,Puttalama,150
01/08/2018,Puttalama,31
01/09/2018,Puttalama,65
01/10/2018,Puttalama,107
01/11/2018,Puttalama,301
01/12/2018,Puttalama,165
01/01/2018,Anuradapura,107
01/02/2018,Anuradapura,122
01/03/2018,Anuradapura,62
01/04/2018,Anuradapura,47
01/05/2018,Anuradapura,76
01/06/2018,Anuradapura,86
01/07/2018,Anuradapura,136
01/08/2018,Anuradapura,68
01/09/2018,Anuradapura,32
01/10/2018,Anuradapura,26
01/11/2018,Anuradapura,63
01/12/2018,Anuradapura,59
01/01/2018,Polonnaruwa,45
01/02/2018,Polonnaruwa,21
01/03/2018,Polonnaruwa,20
01/04/2018,Polonnaruwa,25
01/05/2018,Polonnaruwa,25
01/06/2018,Polonnaruwa,28
01/07/2018,Polonnaruwa,51
01/08/2018,Polonnaruwa,26
01/09/2018,Polonnaruwa,18
01/10/2018,Polonnaruwa,8
01/11/2018,Polonnaruwa,24
01/12/2018,Polonnaruwa,34
01/01/2018,Badulla,76
01/02/2018,Badulla,40
01/03/2018,Badulla,28
01/04/2018,Badulla,32
01/05/2018,Badulla,27
01/06/2018,Badulla,58
01/07/2018,Badulla,74
01/08/2018,Badulla,72
01/09/2018,Badulla,39
01/10/2018,Badulla,39
01/11/2018,Badulla,64
01/12/2018,Badulla,64
01/01/2018,Monaragala,185
01/02/2018,Monaragala,120
01/03/2018,Monaragala,81
01/04/2018,Monaragala,47
01/05/2018,Monaragala,50
01/06/2018,Monaragala,79
01/07/2018,Monaragala,72
01/08/2018,Monaragala,70
01/09/2018,Monaragala,33
01/10/2018,Monaragala,29
01/11/2018,Monaragala,34
01/12/2018,Monaragala,54
01/01/2018,Rathnapura,178
01/02/2018,Rathnapura,199
01/03/2018,Rathnapura,154
01/04/2018,Rathnapura,169
01/05/2018,Rathnapura,259
01/06/2018,Rathnapura,229
01/07/2018,Rathnapura,373
01/08/2018,Rathnapura,207
01/09/2018,Rathnapura,78
01/10/2018,Rathnapura,79
01/11/2018,Rathnapura,163
01/12/2018,Rathnapura,158
01/01/2018,Kegalla,188
01/02/2018,Kegalla,114
01/03/2018,Kegalla,104
01/04/2018,Kegalla,96
01/05/2018,Kegalla,107
01/06/2018,Kegalla,132
01/07/2018,Kegalla,200
01/08/2018,Kegalla,165
01/09/2018,Kegalla,57
01/10/2018,Kegalla,77
01/11/2018,Kegalla,157
01/12/2018,Kegalla,137
01/01/2018,Kalminai,573
01/02/2018,Kalminai,230
01/03/2018,Kalminai,140
01/04/2018,Kalminai,148
01/05/2018,Kalminai,148
01/06/2018,Kalminai,79
01/07/2018,Kalminai,120
01/08/2018,Kalminai,77
01/09/2018,Kalminai,36
01/10/2018,Kalminai,33
01/11/2018,Kalminai,77
01/12/2018,Kalminai,105
01/01/2019,Colombo,1225
01/02/2019,Colombo,792
01/03/2019,Colombo,815
01/04/2019,Colombo,579
01/05/2019,Colombo,866
01/06/2019,Colombo,1126
01/07/2019,Colombo,1857
01/08/2019,Colombo,1903
01/09/2019,Colombo,1462
01/10/2019,Colombo,2593
01/11/2019,Colombo,4217
01/12/2019,Colombo,3283
01/01/2019,Gampaha,724
01/02/2019,Gampaha,466
01/03/2019,Gampaha,511
01/04/2019,Gampaha,429
01/05/2019,Gampaha,569
01/06/2019,Gampaha,890
01/07/2019,Gampaha,1760
01/08/2019,Gampaha,2059
01/09/2019,Gampaha,1515
01/10/2019,Gampaha,2070
01/11/2019,Gampaha,3154
01/12/2019,Gampaha,2426
01/01/2019,Kalutara,372
01/02/2019,Kalutara,202
01/03/2019,Kalutara,250
01/04/2019,Kalutara,219
01/05/2019,Kalutara,384
01/06/2019,Kalutara,749
01/07/2019,Kalutara,1136
01/08/2019,Kalutara,1095
01/09/2019,Kalutara,737
01/10/2019,Kalutara,988
01/11/2019,Kalutara,1310
01/12/2019,Kalutara,953
01/01/2019,Kandy,288
01/02/2019,Kandy,229
01/03/2019,Kandy,231
01/04/2019,Kandy,192
01/05/2019,Kandy,296
01/06/2019,Kandy,289
01/07/2019,Kandy,515
01/08/2019,Kandy,677
01/09/2019,Kandy,784
01/10/2019,Kandy,1502
01/11/2019,Kandy,2444
01/12/2019,Kandy,1493
01/01/2019,Matale,62
01/02/2019,Matale,54
01/03/2019,Matale,58
01/04/2019,Matale,17
01/05/2019,Matale,30
01/06/2019,Matale,54
01/07/2019,Matale,60
01/08/2019,Matale,73
01/09/2019,Matale,62
01/10/2019,Matale,275
01/11/2019,Matale,902
01/12/2019,Matale,798
01/01/2019,N eliya,26
01/02/2019,N eliya,17
01/03/2019,N eliya,12
01/04/2019,N eliya,7
01/05/2019,N eliya,19
01/06/2019,N eliya,22
01/07/2019,N eliya,33
01/08/2019,N eliya,31
01/09/2019,N eliya,32
01/10/2019,N eliya,52
01/11/2019,N eliya,97
01/12/2019,N eliya,90
01/01/2019,Galle,132
01/02/2019,Galle,123
01/03/2019,Galle,156
01/04/2019,Galle,207
01/05/2019,Galle,772
01/06/2019,Galle,1155
01/07/2019,Galle,1055
01/08/2019,Galle,956
01/09/2019,Galle,470
01/10/2019,Galle,536
01/11/2019,Galle,993
01/12/2019,Galle,823
01/01/2019,Hambantota,140
01/02/2019,Hambantota,91
01/03/2019,Hambantota,80
01/04/2019,Hambantota,81
01/05/2019,Hambantota,109
01/06/2019,Hambantota,124
01/07/2019,Hambantota,272
01/08/2019,Hambantota,271
01/09/2019,Hambantota,199
01/10/2019,Hambantota,224
01/11/2019,Hambantota,263
01/12/2019,Hambantota,195
01/01/2019,Matara,219
01/02/2019,Matara,133
01/03/2019,Matara,101
01/04/2019,Matara,106
01/05/2019,Matara,130
01/06/2019,Matara,291
01/07/2019,Matara,583
01/08/2019,Matara,717
01/09/2019,Matara,383
01/10/2019,Matara,493
01/11/2019,Matara,543
01/12/2019,Matara,355
01/01/2019,Jaffna,900
01/02/2019,Jaffna,454
01/03/2019,Jaffna,268
01/04/2019,Jaffna,161
01/05/2019,Jaffna,123
01/06/2019,Jaffna,59
01/07/2019,Jaffna,90
01/08/2019,Jaffna,110
01/09/2019,Jaffna,154
01/10/2019,Jaffna,538
01/11/2019,Jaffna,2641
01/12/2019,Jaffna,2763
01/01/2019,Killinochchi,34
01/02/2019,Killinochchi,23
01/03/2019,Killinochchi,16
01/04/2019,Killinochchi,11
01/05/2019,Killinochchi,12
01/06/2019,Killinochchi,9
01/07/2019,Killinochchi,11
01/08/2019,Killinochchi,5
01/09/2019,Killinochchi,13
01/10/2019,Killinochchi,22
01/11/2019,Killinochchi,99
01/12/2019,Killinochchi,141
01/01/2019,Mannar,27
01/02/2019,Mannar,16
01/03/2019,Mannar,14
01/04/2019,Mannar,9
01/05/2019,Mannar,6
01/06/2019,Mannar,3
01/07/2019,Mannar,1
01/08/2019,Mannar,2
01/09/2019,Mannar,1
01/10/2019,Mannar,22
01/11/2019,Mannar,40
01/12/2019,Mannar,130
01/01/2019,Vauniya,41
01/02/2019,Vauniya,44
01/03/2019,Vauniya,57
01/04/2019,Vauniya,16
01/05/2019,Vauniya,15
01/06/2019,Vauniya,11
01/07/2019,Vauniya,17
01/08/2019,Vauniya,15
01/09/2019,Vauniya,28
01/10/2019,Vauniya,60
01/11/2019,Vauniya,262
01/12/2019,Vauniya,306
01/01/2019,Mulative,47
01/02/2019,Mulative,31
01/03/2019,Mulative,12
01/04/2019,Mulative,3
01/05/2019,Mulative,10
01/06/2019,Mulative,1
01/07/2019,Mulative,10
01/08/2019,Mulative,7
01/09/2019,Mulative,1
01/10/2019,Mulative,18
01/11/2019,Mulative,56
01/12/2019,Mulative,72
01/01/2019,Battocolo,191
01/02/2019,Battocolo,195
01/03/2019,Battocolo,218
01/04/2019,Battocolo,128
01/05/2019,Battocolo,101
01/06/2019,Battocolo,74
01/07/2019,Battocolo,84
01/08/2019,Battocolo,96
01/09/2019,Battocolo,66
01/10/2019,Battocolo,164
01/11/2019,Battocolo,511
01/12/2019,Battocolo,1020
01/01/2019,Ampara,25
01/02/2019,Ampara,18
01/03/2019,Ampara,37
01/04/2019,Ampara,12
01/05/2019,Ampara,11
01/06/2019,Ampara,24
01/07/2019,Ampara,26
01/08/2019,Ampara,33
01/09/2019,Ampara,24
01/10/2019,Ampara,37
01/11/2019,Ampara,60
01/12/2019,Ampara,81
01/01/2019,Trincomalee,157
01/02/2019,Trincomalee,106
01/03/2019,Trincomalee,164
01/04/2019,Trincomalee,148
01/05/2019,Trincomalee,108
01/06/2019,Trincomalee,97
01/07/2019,Trincomalee,105
01/08/2019,Trincomalee,52
01/09/2019,Trincomalee,45
01/10/2019,Trincomalee,85
01/11/2019,Trincomalee,536
01/12/2019,Trincomalee,1366
01/01/2019,Kurunegala,215
01/02/2019,Kurunegala,147
01/03/2019,Kurunegala,148
01/04/2019,Kurunegala,119
01/05/2019,Kurunegala,121
01/06/2019,Kurunegala,134
01/07/2019,Kurunegala,259
01/08/2019,Kurunegala,263
01/09/2019,Kurunegala,195
01/10/2019,Kurunegala,350
01/11/2019,Kurunegala,612
01/12/2019,Kurunegala,655
01/01/2019,Puttalama,79
01/02/2019,Puttalama,60
01/03/2019,Puttalama,52
01/04/2019,Puttalama,29
01/05/2019,Puttalama,33
01/06/2019,Puttalama,92
01/07/2019,Puttalama,137
01/08/2019,Puttalama,150
01/09/2019,Puttalama,159
01/10/2019,Puttalama,355
01/11/2019,Puttalama,624
01/12/2019,Puttalama,487
01/01/2019,Anuradapura,64
01/02/2019,Anuradapura,53
01/03/2019,Anuradapura,51
01/04/2019,Anuradapura,34
01/05/2019,Anuradapura,36
01/06/2019,Anuradapura,62
01/07/2019,Anuradapura,78
01/08/2019,Anuradapura,103
01/09/2019,Anuradapura,54
01/10/2019,Anuradapura,105
01/11/2019,Anuradapura,254
01/12/2019,Anuradapura,270
01/01/2019,Polonnaruwa,39
01/02/2019,Polonnaruwa,19
01/03/2019,Polonnaruwa,25
01/04/2019,Polonnaruwa,21
01/05/2019,Polonnaruwa,23
01/06/2019,Polonnaruwa,40
01/07/2019,Polonnaruwa,49
01/08/2019,Polonnaruwa,43
01/09/2019,Polonnaruwa,36
01/10/2019,Polonnaruwa,51
01/11/2019,Polonnaruwa,108
01/12/2019,Polonnaruwa,107
01/01/2019,Badulla,79
01/02/2019,Badulla,68
01/03/2019,Badulla,73
01/04/2019,Badulla,45
01/05/2019,Badulla,41
01/06/2019,Badulla,88
01/07/2019,Badulla,113
01/08/2019,Badulla,144
01/09/2019,Badulla,126
01/10/2019,Badulla,230
01/11/2019,Badulla,490
01/12/2019,Badulla,425
01/01/2019,Monaragala,60
01/02/2019,Monaragala,38
01/03/2019,Monaragala,49
01/04/2019,Monaragala,39
01/05/2019,Monaragala,29
01/06/2019,Monaragala,59
01/07/2019,Monaragala,48
01/08/2019,Monaragala,11
01/09/2019,Monaragala,0
01/10/2019,Monaragala,0
01/11/2019,Monaragala,0
01/12/2019,Monaragala,0
01/01/2019,Rathnapura,177
01/02/2019,Rathnapura,165
01/03/2019,Rathnapura,210
01/04/2019,Rathnapura,176
01/05/2019,Rathnapura,235
01/06/2019,Rathnapura,347
01/07/2019,Rathnapura,354
01/08/2019,Rathnapura,439
01/09/2019,Rathnapura,415
01/10/2019,Rathnapura,425
01/11/2019,Rathnapura,687
01/12/2019,Rathnapura,456
01/01/2019,Kegalla,150
01/02/2019,Kegalla,98
01/03/2019,Kegalla,109
01/04/2019,Kegalla,90
01/05/2019,Kegalla,114
01/06/2019,Kegalla,171
01/07/2019,Kegalla,215
01/08/2019,Kegalla,258
01/09/2019,Kegalla,317
01/10/2019,Kegalla,332
01/11/2019,Kegalla,494
01/12/2019,Kegalla,368
01/01/2019,Kalminai,107
01/02/2019,Kalminai,94
01/03/2019,Kalminai,115
01/04/2019,Kalminai,92
01/05/2019,Kalminai,67
01/06/2019,Kalminai,48
01/07/2019,Kalminai,29
01/08/2019,Kalminai,33
01/09/2019,Kalminai,29
01/10/2019,Kalminai,46
01/11/2019,Kalminai,372
01/12/2019,Kalminai,497
01/01/2020,Colombo,1693
01/02/2020,Colombo,767
01/03/2020,Colombo,235
01/04/2020,Colombo,30
01/05/2020,Colombo,189
01/06/2020,Colombo,294
01/07/2020,Colombo,324
01/08/2020,Colombo,231
01/09/2020,Colombo,192
01/10/2020,Colombo,151
01/11/2020,Colombo,59
01/12/2020,Colombo,92
01/01/2020,Gampaha,1049
01/02/2020,Gampaha,452
01/03/2020,Gampaha,128
01/04/2020,Gampaha,36
01/05/2020,Gampaha,95
01/06/2020,Gampaha,188
01/07/2020,Gampaha,175
01/08/2020,Gampaha,216
01/09/2020,Gampaha,177
01/10/2020,Gampaha,45
01/11/2020,Gampaha,53
01/12/2020,Gampaha,52
01/01/2020,Kalutara,536
01/02/2020,Kalutara,273
01/03/2020,Kalutara,112
01/04/2020,Kalutara,46
01/05/2020,Kalutara,111
01/06/2020,Kalutara,250
01/07/2020,Kalutara,177
01/08/2020,Kalutara,101
01/09/2020,Kalutara,82
01/10/2020,Kalutara,37
01/11/2020,Kalutara,33
01/12/2020,Kalutara,52
01/01/2020,Kandy,674
01/02/2020,Kandy,290
01/03/2020,Kandy,114
01/04/2020,Kandy,36
01/05/2020,Kandy,230
01/06/2020,Kandy,449
01/07/2020,Kandy,595
01/08/2020,Kandy,406
01/09/2020,Kandy,275
01/10/2020,Kandy,205
01/11/2020,Kandy,124
01/12/2020,Kandy,45
01/01/2020,Matale,276
01/02/2020,Matale,110
01/03/2020,Matale,44
01/04/2020,Matale,9
01/05/2020,Matale,23
01/06/2020,Matale,25
01/07/2020,Matale,36
01/08/2020,Matale,19
01/09/2020,Matale,15
01/10/2020,Matale,14
01/11/2020,Matale,14
01/12/2020,Matale,10
01/01/2020,N eliya,77
01/02/2020,N eliya,28
01/03/2020,N eliya,16
01/04/2020,N eliya,1
01/05/2020,N eliya,2
01/06/2020,N eliya,11
01/07/2020,N eliya,14
01/08/2020,N eliya,9
01/09/2020,N eliya,8
01/10/2020,N eliya,1
01/11/2020,N eliya,0
01/12/2020,N eliya,1
01/01/2020,Galle,651
01/02/2020,Galle,249
01/03/2020,Galle,63
01/04/2020,Galle,41
01/05/2020,Galle,233
01/06/2020,Galle,149
01/07/2020,Galle,101
01/08/2020,Galle,60
01/09/2020,Galle,67
01/10/2020,Galle,27
01/11/2020,Galle,17
01/12/2020,Galle,13
01/01/2020,Hambantota,156
01/02/2020,Hambantota,78
01/03/2020,Hambantota,24
01/04/2020,Hambantota,6
01/05/2020,Hambantota,11
01/06/2020,Hambantota,15
01/07/2020,Hambantota,24
01/08/2020,Hambantota,17
01/09/2020,Hambantota,12
01/10/2020,Hambantota,10
01/11/2020,Hambantota,6
01/12/2020,Hambantota,9
01/01/2020,Matara,227
01/02/2020,Matara,120
01/03/2020,Matara,21
01/04/2020,Matara,6
01/05/2020,Matara,21
01/06/2020,Matara,27
01/07/2020,Matara,39
01/08/2020,Matara,17
01/09/2020,Matara,15
01/10/2020,Matara,27
01/11/2020,Matara,17
01/12/2020,Matara,8
01/01/2020,Jaffna,1061
01/02/2020,Jaffna,490
01/03/2020,Jaffna,154
01/04/2020,Jaffna,38
01/05/2020,Jaffna,112
01/06/2020,Jaffna,58
01/07/2020,Jaffna,51
01/08/2020,Jaffna,26
01/09/2020,Jaffna,55
01/10/2020,Jaffna,52
01/11/2020,Jaffna,21
01/12/2020,Jaffna,39
01/01/2020,Killinochchi,64
01/02/2020,Killinochchi,31
01/03/2020,Killinochchi,8
01/04/2020,Killinochchi,1
01/05/2020,Killinochchi,1
01/06/2020,Killinochchi,11
01/07/2020,Killinochchi,6
01/08/2020,Killinochchi,3
01/09/2020,Killinochchi,1
01/10/2020,Killinochchi,3
01/11/2020,Killinochchi,5
01/12/2020,Killinochchi,1
01/01/2020,Mannar,90
01/02/2020,Mannar,25
01/03/2020,Mannar,2
01/04/2020,Mannar,1
01/05/2020,Mannar,1
01/06/2020,Mannar,3
01/07/2020,Mannar,8
01/08/2020,Mannar,3
01/09/2020,Mannar,1
01/10/2020,Mannar,0
01/11/2020,Mannar,0
01/12/2020,Mannar,3
01/01/2020,Vauniya,139
01/02/2020,Vauniya,72
01/03/2020,Vauniya,15
01/04/2020,Vauniya,5
01/05/2020,Vauniya,4
01/06/2020,Vauniya,4
01/07/2020,Vauniya,7
01/08/2020,Vauniya,2
01/09/2020,Vauniya,1
01/10/2020,Vauniya,0
01/11/2020,Vauniya,2
01/12/2020,Vauniya,1
01/01/2020,Mulative,58
01/02/2020,Mulative,15
01/03/2020,Mulative,2
01/04/2020,Mulative,1
01/05/2020,Mulative,1
01/06/2020,Mulative,2
01/07/2020,Mulative,2
01/08/2020,Mulative,3
01/09/2020,Mulative,1
01/10/2020,Mulative,0
01/11/2020,Mulative,1
01/12/2020,Mulative,4
01/01/2020,Battocolo,1088
01/02/2020,Battocolo,650
01/03/2020,Battocolo,222
01/04/2020,Battocolo,86
01/05/2020,Battocolo,84
01/06/2020,Battocolo,69
01/07/2020,Battocolo,78
01/08/2020,Battocolo,40
01/09/2020,Battocolo,48
01/10/2020,Battocolo,236
01/11/2020,Battocolo,276
01/12/2020,Battocolo,840
01/01/2020,Ampara,152
01/02/2020,Ampara,88
01/03/2020,Ampara,39
01/04/2020,Ampara,3
01/05/2020,Ampara,6
01/06/2020,Ampara,10
01/07/2020,Ampara,5
01/08/2020,Ampara,4
01/09/2020,Ampara,3
01/10/2020,Ampara,3
01/11/2020,Ampara,5
01/12/2020,Ampara,0
01/01/2020,Trincomalee,1455
01/02/2020,Trincomalee,569
01/03/2020,Trincomalee,143
01/04/2020,Trincomalee,40
01/05/2020,Trincomalee,33
01/06/2020,Trincomalee,13
01/07/2020,Trincomalee,17
01/08/2020,Trincomalee,5
01/09/2020,Trincomalee,3
01/10/2020,Trincomalee,5
01/11/2020,Trincomalee,5
01/12/2020,Trincomalee,8
01/01/2020,Kurunegala,421
01/02/2020,Kurunegala,174
01/03/2020,Kurunegala,55
01/04/2020,Kurunegala,7
01/05/2020,Kurunegala,18
01/06/2020,Kurunegala,62
01/07/2020,Kurunegala,57
01/08/2020,Kurunegala,69
01/09/2020,Kurunegala,30
01/10/2020,Kurunegala,34
01/11/2020,Kurunegala,11
01/12/2020,Kurunegala,31
01/01/2020,Puttalama,224
01/02/2020,Puttalama,83
01/03/2020,Puttalama,36
01/04/2020,Puttalama,5
01/05/2020,Puttalama,24
01/06/2020,Puttalama,21
01/07/2020,Puttalama,24
01/08/2020,Puttalama,35
01/09/2020,Puttalama,10
01/10/2020,Puttalama,13
01/11/2020,Puttalama,11
01/12/2020,Puttalama,14
01/01/2020,Anuradapura,184
01/02/2020,Anuradapura,95
01/03/2020,Anuradapura,44
01/04/2020,Anuradapura,8
01/05/2020,Anuradapura,9
01/06/2020,Anuradapura,26
01/07/2020,Anuradapura,19
01/08/2020,Anuradapura,9
01/09/2020,Anuradapura,12
01/10/2020,Anuradapura,11
01/11/2020,Anuradapura,6
01/12/2020,Anuradapura,10
01/01/2020,Polonnaruwa,81
01/02/2020,Polonnaruwa,77
01/03/2020,Polonnaruwa,23
01/04/2020,Polonnaruwa,2
01/05/2020,Polonnaruwa,7
01/06/2020,Polonnaruwa,20
01/07/2020,Polonnaruwa,10
01/08/2020,Polonnaruwa,4
01/09/2020,Polonnaruwa,7
01/10/2020,Polonnaruwa,12
01/11/2020,Polonnaruwa,3
01/12/2020,Polonnaruwa,5
01/01/2020,Badulla,230
01/02/2020,Badulla,91
01/03/2020,Badulla,33
01/04/2020,Badulla,9
01/05/2020,Badulla,15
01/06/2020,Badulla,30
01/07/2020,Badulla,23
01/08/2020,Badulla,21
01/09/2020,Badulla,14
01/10/2020,Badulla,12
01/11/2020,Badulla,17
01/12/2020,Badulla,30
01/01/2020,Monaragala,0
01/02/2020,Monaragala,0
01/03/2020,Monaragala,0
01/04/2020,Monaragala,0
01/05/2020,Monaragala,0
01/06/2020,Monaragala,0
01/07/2020,Monaragala,0
01/08/2020,Monaragala,0
01/09/2020,Monaragala,0
01/10/2020,Monaragala,0
01/11/2020,Monaragala,0
01/12/2020,Monaragala,0
01/01/2020,Rathnapura,296
01/02/2020,Rathnapura,206
01/03/2020,Rathnapura,69
01/04/2020,Rathnapura,47
01/05/2020,Rathnapura,223
01/06/2020,Rathnapura,398
01/07/2020,Rathnapura,381
01/08/2020,Rathnapura,174
01/09/2020,Rathnapura,90
01/10/2020,Rathnapura,65
01/11/2020,Rathnapura,47
01/12/2020,Rathnapura,18
01/01/2020,Kegalla,196
01/02/2020,Kegalla,107
01/03/2020,Kegalla,42
01/04/2020,Kegalla,17
01/05/2020,Kegalla,84
01/06/2020,Kegalla,100
01/07/2020,Kegalla,102
01/08/2020,Kegalla,64
01/09/2020,Kegalla,55
01/10/2020,Kegalla,37
01/11/2020,Kegalla,39
01/12/2020,Kegalla,22
01/01/2020,Kalminai,530
01/02/2020,Kalminai,228
01/03/2020,Kalminai,39
01/04/2020,Kalminai,30
01/05/2020,Kalminai,11
01/06/2020,Kalminai,17
01/07/2020,Kalminai,13
01/08/2020,Kalminai,21
01/09/2020,Kalminai,40
01/10/2020,Kalminai,30
01/11/2020,Kalminai,9
01/12/2020,Kalminai,12
